<application>
  <component name="com.intellij.ide.ui.customization.CustomActionsSchema">
    <group value="Forward" is_action="true" action_type="-1" position="6">
      <path value="root" />
      <path value="Main Toolbar" />
      <option name="myInitialPosition" value="-1" />
    </group>
    <group value="Back" is_action="true" action_type="-1" position="5">
      <path value="root" />
      <path value="Main Toolbar" />
      <option name="myInitialPosition" value="-1" />
    </group>
    <group value="Android.MainToolBarSdkGroup" is_group="true" action_type="-1" position="3">
      <path value="root" />
      <path value="Main Toolbar" />
      <path value="Android.MainToolBarActionGroup" />
      <option name="myInitialPosition" value="-1" />
    </group>
    <group value="Android.RunAndroidAvdManager" is_action="true" action_type="-1" position="2">
      <path value="root" />
      <path value="Main Toolbar" />
      <path value="Android.MainToolBarActionGroup" />
      <option name="myInitialPosition" value="-1" />
    </group>
    <group value="WelcomeScreen.Plugins" is_action="true" action_type="1" position="10">
      <path value="root" />
      <path value="Main Toolbar" />
      <option name="myInitialPosition" value="-1" />
    </group>
    <group value="ShowProjectStructureSettings" is_action="true" action_type="1" position="11">
      <path value="root" />
      <path value="Main Toolbar" />
      <option name="myInitialPosition" value="-1" />
    </group>
    <group value="ShowSettings" is_action="true" action_type="1" position="12">
      <path value="root" />
      <path value="Main Toolbar" />
      <option name="myInitialPosition" value="-1" />
    </group>
    <group value="InvalidateCaches" is_action="true" action_type="1" position="13">
      <path value="root" />
      <path value="Main Toolbar" />
      <option name="myInitialPosition" value="-1" />
    </group>
    <group value="Images.SetBackgroundImage" is_action="true" action_type="1" position="14">
      <path value="root" />
      <path value="Main Toolbar" />
      <option name="myInitialPosition" value="-1" />
    </group>
    <action id="ImportSettings" />
  </component>
</application>