<application>
  <component name="AppStorage">
    <option name="newTranslationDialogWidth" value="598" />
    <option name="newTranslationDialogX" value="508" />
    <option name="newTranslationDialogY" value="315" />
    <option name="pinNewTranslationDialog" value="true" />
    <histories>
      <item value="Volatile Image" />
      <item value="Include a custom JDK from the specified location into the classpath instead of the default JAVA_HOME Default value: null" />
      <item value="Target version of the generated JVM bytecode (1.6 (DEPRECATED), 1.8, 9, 10, 11, 12, 13, 14, 15, 16 or 17), default is 1.8 Possible values: &quot;1.6&quot;, &quot;1.8&quot;, &quot;9&quot;, &quot;10&quot;, &quot;11&quot;, &quot;12&quot;, &quot;13&quot;, &quot;14&quot;, &quot;15&quot;, &quot;16&quot;, &quot;17&quot; Default value: &quot;1.8&quot;" />
      <item value="ComposeWindow is a window for building UI using Compose for Desktop. ComposeWindow inherits javax.swing.JFrame." />
      <item value="Wrap" />
      <item value="difference Modulo" />
      <item value="end Inclusive" />
      <item value="A progression of values of type `Float`." />
      <item value="PI DECIMAL" />
      <item value="PI DECI" />
      <item value="into" />
      <item value="Data Kind" />
      <item value="U Int" />
      <item value="INT FAST 16_MAX" />
      <item value="IntelliJ API Decompiler stub source generated from a class file Implementation of methods is not available" />
      <item value="__doserrno" />
      <item value="ftruncate" />
      <item value="c 32 rtomb" />
      <item value="WSA Accept" />
      <item value="VISIT" />
      <item value="Var" />
      <item value="The entity which has an associated native pointer. Subtypes are supposed to represent interpretations of the pointed data or code." />
      <item value="Native Pointed" />
      <item value="cinterop" />
      <item value="OBJC GET MESSENGER STRET" />
      <item value="OBJC GET MESSENGER" />
      <item value="FLOAT TRUNCATE" />
      <item value="Typed Intrinsic" />
      <item value="PROTOENT" />
      <item value="PPROTOENT" />
      <item value="PPROTOENT Var" />
      <item value="LPSERVENT" />
      <item value="inet ntoa" />
      <item value="external" />
      <item value="cal Finish" />
      <item value="Represents an &quot;unknown&quot; type that will be known only at the moment of the serialization. Effectively it defers the choice of the serializer to a moment of the serialization, and can be used for [contextual][Contextual] serialization." />
      <item value="CONTEXTUAL" />
      <item value="statically" />
      <item value="Open polymorphic kind represents statically unknown type that is hidden behind a given base class or interface. [PolymorphicSerializer] can be used as an example of polymorphic serialization." />
      <item value="Polymorphic Kind" />
      <item value="Serial Kind" />
      <item value="EXACTLY ONCE" />
      <item value="Label is redundant, because it can not be referenced in either ''break'', ''continue'', or ''return'' expression" />
      <item value="io Map" />
      <item value="'operator' modifier is inapplicable on this function: illegal function name" />
      <item value="operator" />
      <item value="previous" />
      <item value="Expression in a class literal has a nullable type 'Any?', use !! to make the type non-nullable" />
      <item value="@return the previous value associated with the key, or `null` if the key was not present in the map." />
      <item value="reified" />
    </histories>
    <option name="languageScores">
      <map>
        <entry key="CHINESE" value="1839" />
        <entry key="ENGLISH" value="1840" />
        <entry key="IRISH" value="2" />
        <entry key="BASQUE" value="1" />
        <entry key="ICELANDIC" value="1" />
        <entry key="POLISH" value="3" />
        <entry key="AFRIKAANS" value="1" />
        <entry key="DANISH" value="1" />
        <entry key="GERMAN" value="3" />
        <entry key="RUSSIAN" value="1" />
        <entry key="FRENCH" value="6" />
        <entry key="FINNISH" value="2" />
        <entry key="DUTCH" value="5" />
        <entry key="CZECH" value="4" />
        <entry key="LATIN" value="3" />
        <entry key="LITHUANIAN" value="1" />
        <entry key="ROMANIAN" value="6" />
        <entry key="MALTESE" value="2" />
        <entry key="MALAY" value="1" />
        <entry key="NORWEGIAN" value="1" />
        <entry key="PORTUGUESE" value="3" />
        <entry key="JAPANESE" value="2" />
        <entry key="SESOTHO" value="1" />
        <entry key="SLOVAK" value="2" />
        <entry key="SLOVENIAN" value="1" />
        <entry key="SOMALI" value="1" />
        <entry key="ITALIAN" value="1" />
        <entry key="HINDI" value="1" />
        <entry key="INDONESIAN" value="3" />
        <entry key="VIETNAMESE" value="2" />
      </map>
    </option>
  </component>
  <component name="Cache">
    <option name="lastTrimTime" value="1662088605214" />
  </component>
</application>