<application>
  <component name="ProjectJdkTable">
    <jdk version="2">
      <name value="Kotlin SDK" />
      <type value="KotlinSDK" />
      <version value="1.3.50" />
      <homePath value="H:\Program Files\Android\AndroidStudio\plugins\Kotlin\kotlinc" />
      <roots>
        <annotationsPath>
          <root type="composite" />
        </annotationsPath>
        <classPath>
          <root type="composite" />
        </classPath>
        <javadocPath>
          <root type="composite" />
        </javadocPath>
        <sourcePath>
          <root type="composite" />
        </sourcePath>
      </roots>
      <additional />
    </jdk>
    <jdk version="2">
      <name value="Embedded JDK" />
      <type value="JavaSDK" />
      <version value="version 11.0.10" />
      <homePath value="$APPLICATION_HOME_DIR$/jre" />
      <roots>
        <annotationsPath>
          <root type="composite">
            <root url="jar://$APPLICATION_HOME_DIR$/plugins/java/lib/jdkAnnotations.jar!/" type="simple" />
          </root>
        </annotationsPath>
        <classPath>
          <root type="composite">
            <root url="jrt://H:/Program Files/Android/android-studio-compose-preview/android-studio/jre!/java.base" type="simple" />
            <root url="jrt://H:/Program Files/Android/android-studio-compose-preview/android-studio/jre!/java.compiler" type="simple" />
            <root url="jrt://H:/Program Files/Android/android-studio-compose-preview/android-studio/jre!/java.datatransfer" type="simple" />
            <root url="jrt://H:/Program Files/Android/android-studio-compose-preview/android-studio/jre!/java.desktop" type="simple" />
            <root url="jrt://H:/Program Files/Android/android-studio-compose-preview/android-studio/jre!/java.instrument" type="simple" />
            <root url="jrt://H:/Program Files/Android/android-studio-compose-preview/android-studio/jre!/java.logging" type="simple" />
            <root url="jrt://H:/Program Files/Android/android-studio-compose-preview/android-studio/jre!/java.management" type="simple" />
            <root url="jrt://H:/Program Files/Android/android-studio-compose-preview/android-studio/jre!/java.management.rmi" type="simple" />
            <root url="jrt://H:/Program Files/Android/android-studio-compose-preview/android-studio/jre!/java.naming" type="simple" />
            <root url="jrt://H:/Program Files/Android/android-studio-compose-preview/android-studio/jre!/java.net.http" type="simple" />
            <root url="jrt://H:/Program Files/Android/android-studio-compose-preview/android-studio/jre!/java.prefs" type="simple" />
            <root url="jrt://H:/Program Files/Android/android-studio-compose-preview/android-studio/jre!/java.rmi" type="simple" />
            <root url="jrt://H:/Program Files/Android/android-studio-compose-preview/android-studio/jre!/java.scripting" type="simple" />
            <root url="jrt://H:/Program Files/Android/android-studio-compose-preview/android-studio/jre!/java.se" type="simple" />
            <root url="jrt://H:/Program Files/Android/android-studio-compose-preview/android-studio/jre!/java.security.jgss" type="simple" />
            <root url="jrt://H:/Program Files/Android/android-studio-compose-preview/android-studio/jre!/java.security.sasl" type="simple" />
            <root url="jrt://H:/Program Files/Android/android-studio-compose-preview/android-studio/jre!/java.smartcardio" type="simple" />
            <root url="jrt://H:/Program Files/Android/android-studio-compose-preview/android-studio/jre!/java.sql" type="simple" />
            <root url="jrt://H:/Program Files/Android/android-studio-compose-preview/android-studio/jre!/java.sql.rowset" type="simple" />
            <root url="jrt://H:/Program Files/Android/android-studio-compose-preview/android-studio/jre!/java.transaction.xa" type="simple" />
            <root url="jrt://H:/Program Files/Android/android-studio-compose-preview/android-studio/jre!/java.xml" type="simple" />
            <root url="jrt://H:/Program Files/Android/android-studio-compose-preview/android-studio/jre!/java.xml.crypto" type="simple" />
            <root url="jrt://H:/Program Files/Android/android-studio-compose-preview/android-studio/jre!/jdk.accessibility" type="simple" />
            <root url="jrt://H:/Program Files/Android/android-studio-compose-preview/android-studio/jre!/jdk.aot" type="simple" />
            <root url="jrt://H:/Program Files/Android/android-studio-compose-preview/android-studio/jre!/jdk.attach" type="simple" />
            <root url="jrt://H:/Program Files/Android/android-studio-compose-preview/android-studio/jre!/jdk.charsets" type="simple" />
            <root url="jrt://H:/Program Files/Android/android-studio-compose-preview/android-studio/jre!/jdk.compiler" type="simple" />
            <root url="jrt://H:/Program Files/Android/android-studio-compose-preview/android-studio/jre!/jdk.crypto.cryptoki" type="simple" />
            <root url="jrt://H:/Program Files/Android/android-studio-compose-preview/android-studio/jre!/jdk.crypto.ec" type="simple" />
            <root url="jrt://H:/Program Files/Android/android-studio-compose-preview/android-studio/jre!/jdk.dynalink" type="simple" />
            <root url="jrt://H:/Program Files/Android/android-studio-compose-preview/android-studio/jre!/jdk.hotspot.agent" type="simple" />
            <root url="jrt://H:/Program Files/Android/android-studio-compose-preview/android-studio/jre!/jdk.httpserver" type="simple" />
            <root url="jrt://H:/Program Files/Android/android-studio-compose-preview/android-studio/jre!/jdk.internal.ed" type="simple" />
            <root url="jrt://H:/Program Files/Android/android-studio-compose-preview/android-studio/jre!/jdk.internal.jvmstat" type="simple" />
            <root url="jrt://H:/Program Files/Android/android-studio-compose-preview/android-studio/jre!/jdk.internal.le" type="simple" />
            <root url="jrt://H:/Program Files/Android/android-studio-compose-preview/android-studio/jre!/jdk.internal.opt" type="simple" />
            <root url="jrt://H:/Program Files/Android/android-studio-compose-preview/android-studio/jre!/jdk.internal.vm.ci" type="simple" />
            <root url="jrt://H:/Program Files/Android/android-studio-compose-preview/android-studio/jre!/jdk.internal.vm.compiler" type="simple" />
            <root url="jrt://H:/Program Files/Android/android-studio-compose-preview/android-studio/jre!/jdk.internal.vm.compiler.management" type="simple" />
            <root url="jrt://H:/Program Files/Android/android-studio-compose-preview/android-studio/jre!/jdk.javadoc" type="simple" />
            <root url="jrt://H:/Program Files/Android/android-studio-compose-preview/android-studio/jre!/jdk.jdeps" type="simple" />
            <root url="jrt://H:/Program Files/Android/android-studio-compose-preview/android-studio/jre!/jdk.jdi" type="simple" />
            <root url="jrt://H:/Program Files/Android/android-studio-compose-preview/android-studio/jre!/jdk.jdwp.agent" type="simple" />
            <root url="jrt://H:/Program Files/Android/android-studio-compose-preview/android-studio/jre!/jdk.jfr" type="simple" />
            <root url="jrt://H:/Program Files/Android/android-studio-compose-preview/android-studio/jre!/jdk.jlink" type="simple" />
            <root url="jrt://H:/Program Files/Android/android-studio-compose-preview/android-studio/jre!/jdk.jsobject" type="simple" />
            <root url="jrt://H:/Program Files/Android/android-studio-compose-preview/android-studio/jre!/jdk.localedata" type="simple" />
            <root url="jrt://H:/Program Files/Android/android-studio-compose-preview/android-studio/jre!/jdk.management" type="simple" />
            <root url="jrt://H:/Program Files/Android/android-studio-compose-preview/android-studio/jre!/jdk.management.agent" type="simple" />
            <root url="jrt://H:/Program Files/Android/android-studio-compose-preview/android-studio/jre!/jdk.management.jfr" type="simple" />
            <root url="jrt://H:/Program Files/Android/android-studio-compose-preview/android-studio/jre!/jdk.naming.dns" type="simple" />
            <root url="jrt://H:/Program Files/Android/android-studio-compose-preview/android-studio/jre!/jdk.naming.rmi" type="simple" />
            <root url="jrt://H:/Program Files/Android/android-studio-compose-preview/android-studio/jre!/jdk.net" type="simple" />
            <root url="jrt://H:/Program Files/Android/android-studio-compose-preview/android-studio/jre!/jdk.pack" type="simple" />
            <root url="jrt://H:/Program Files/Android/android-studio-compose-preview/android-studio/jre!/jdk.scripting.nashorn" type="simple" />
            <root url="jrt://H:/Program Files/Android/android-studio-compose-preview/android-studio/jre!/jdk.scripting.nashorn.shell" type="simple" />
            <root url="jrt://H:/Program Files/Android/android-studio-compose-preview/android-studio/jre!/jdk.sctp" type="simple" />
            <root url="jrt://H:/Program Files/Android/android-studio-compose-preview/android-studio/jre!/jdk.security.auth" type="simple" />
            <root url="jrt://H:/Program Files/Android/android-studio-compose-preview/android-studio/jre!/jdk.security.jgss" type="simple" />
            <root url="jrt://H:/Program Files/Android/android-studio-compose-preview/android-studio/jre!/jdk.unsupported" type="simple" />
            <root url="jrt://H:/Program Files/Android/android-studio-compose-preview/android-studio/jre!/jdk.xml.dom" type="simple" />
            <root url="jrt://H:/Program Files/Android/android-studio-compose-preview/android-studio/jre!/jdk.zipfs" type="simple" />
          </root>
        </classPath>
        <javadocPath>
          <root type="composite" />
        </javadocPath>
        <sourcePath>
          <root type="composite" />
        </sourcePath>
      </roots>
      <additional />
    </jdk>
    <jdk version="2">
      <name value="Android API 24 Platform" />
      <type value="Android SDK" />
      <homePath value="$USER_HOME$/AppData/Local/Android/Sdk" />
      <roots>
        <annotationsPath>
          <root type="composite">
            <root url="jar://$APPLICATION_HOME_DIR$/plugins/android/resources/androidAnnotations.jar!/" type="simple" />
          </root>
        </annotationsPath>
        <classPath>
          <root type="composite">
            <root url="jar://$USER_HOME$/AppData/Local/Android/Sdk/platforms/android-24/android.jar!/" type="simple" />
            <root url="file://$USER_HOME$/AppData/Local/Android/Sdk/platforms/android-24/data/res" type="simple" />
          </root>
        </classPath>
        <javadocPath>
          <root type="composite" />
        </javadocPath>
        <sourcePath>
          <root type="composite">
            <root url="file://$USER_HOME$/AppData/Local/Android/Sdk/sources/android-24" type="simple" />
          </root>
        </sourcePath>
      </roots>
      <additional jdk="Embedded JDK" sdk="android-24" />
    </jdk>
    <jdk version="2">
      <name value="Android API 25 Platform" />
      <type value="Android SDK" />
      <homePath value="$USER_HOME$/AppData/Local/Android/Sdk" />
      <roots>
        <annotationsPath>
          <root type="composite">
            <root url="jar://$APPLICATION_HOME_DIR$/plugins/android/resources/androidAnnotations.jar!/" type="simple" />
          </root>
        </annotationsPath>
        <classPath>
          <root type="composite">
            <root url="jar://$USER_HOME$/AppData/Local/Android/Sdk/platforms/android-25/android.jar!/" type="simple" />
            <root url="file://$USER_HOME$/AppData/Local/Android/Sdk/platforms/android-25/data/res" type="simple" />
          </root>
        </classPath>
        <javadocPath>
          <root type="composite" />
        </javadocPath>
        <sourcePath>
          <root type="composite">
            <root url="file://$USER_HOME$/AppData/Local/Android/Sdk/sources/android-25" type="simple" />
          </root>
        </sourcePath>
      </roots>
      <additional jdk="Embedded JDK" sdk="android-25" />
    </jdk>
    <jdk version="2">
      <name value="Android API 26 Platform" />
      <type value="Android SDK" />
      <homePath value="$USER_HOME$/AppData/Local/Android/Sdk" />
      <roots>
        <annotationsPath>
          <root type="composite">
            <root url="jar://$APPLICATION_HOME_DIR$/plugins/android/resources/androidAnnotations.jar!/" type="simple" />
          </root>
        </annotationsPath>
        <classPath>
          <root type="composite">
            <root url="jar://$USER_HOME$/AppData/Local/Android/Sdk/platforms/android-26/android.jar!/" type="simple" />
            <root url="file://$USER_HOME$/AppData/Local/Android/Sdk/platforms/android-26/data/res" type="simple" />
          </root>
        </classPath>
        <javadocPath>
          <root type="composite" />
        </javadocPath>
        <sourcePath>
          <root type="composite">
            <root url="file://$USER_HOME$/AppData/Local/Android/Sdk/sources/android-26" type="simple" />
          </root>
        </sourcePath>
      </roots>
      <additional jdk="Embedded JDK" sdk="android-26" />
    </jdk>
    <jdk version="2">
      <name value="Android API 27 Platform" />
      <type value="Android SDK" />
      <homePath value="$USER_HOME$/AppData/Local/Android/Sdk" />
      <roots>
        <annotationsPath>
          <root type="composite">
            <root url="jar://$APPLICATION_HOME_DIR$/plugins/android/resources/androidAnnotations.jar!/" type="simple" />
          </root>
        </annotationsPath>
        <classPath>
          <root type="composite">
            <root url="jar://$USER_HOME$/AppData/Local/Android/Sdk/platforms/android-27/android.jar!/" type="simple" />
            <root url="file://$USER_HOME$/AppData/Local/Android/Sdk/platforms/android-27/data/res" type="simple" />
          </root>
        </classPath>
        <javadocPath>
          <root type="composite" />
        </javadocPath>
        <sourcePath>
          <root type="composite">
            <root url="file://$USER_HOME$/AppData/Local/Android/Sdk/sources/android-27" type="simple" />
          </root>
        </sourcePath>
      </roots>
      <additional jdk="Embedded JDK" sdk="android-27" />
    </jdk>
    <jdk version="2">
      <name value="Android API 28 Platform" />
      <type value="Android SDK" />
      <homePath value="$USER_HOME$/AppData/Local/Android/Sdk" />
      <roots>
        <annotationsPath>
          <root type="composite">
            <root url="jar://$USER_HOME$/AppData/Local/Android/Sdk/platforms/android-28/data/annotations.zip!/" type="simple" />
          </root>
        </annotationsPath>
        <classPath>
          <root type="composite">
            <root url="jar://$USER_HOME$/AppData/Local/Android/Sdk/platforms/android-28/android.jar!/" type="simple" />
            <root url="file://$USER_HOME$/AppData/Local/Android/Sdk/platforms/android-28/data/res" type="simple" />
          </root>
        </classPath>
        <javadocPath>
          <root type="composite" />
        </javadocPath>
        <sourcePath>
          <root type="composite">
            <root url="file://$USER_HOME$/AppData/Local/Android/Sdk/sources/android-28" type="simple" />
          </root>
        </sourcePath>
      </roots>
      <additional jdk="Embedded JDK" sdk="android-28" />
    </jdk>
    <jdk version="2">
      <name value="Android API 29 Platform" />
      <type value="Android SDK" />
      <homePath value="$USER_HOME$/AppData/Local/Android/Sdk" />
      <roots>
        <annotationsPath>
          <root type="composite">
            <root url="jar://$USER_HOME$/AppData/Local/Android/Sdk/platforms/android-29/data/annotations.zip!/" type="simple" />
          </root>
        </annotationsPath>
        <classPath>
          <root type="composite">
            <root url="jar://$USER_HOME$/AppData/Local/Android/Sdk/platforms/android-29/android.jar!/" type="simple" />
            <root url="file://$USER_HOME$/AppData/Local/Android/Sdk/platforms/android-29/data/res" type="simple" />
          </root>
        </classPath>
        <javadocPath>
          <root type="composite" />
        </javadocPath>
        <sourcePath>
          <root type="composite">
            <root url="file://$USER_HOME$/AppData/Local/Android/Sdk/sources/android-29" type="simple" />
          </root>
        </sourcePath>
      </roots>
      <additional jdk="Embedded JDK" sdk="android-29" />
    </jdk>
    <jdk version="2">
      <name value="Android API 30 Platform" />
      <type value="Android SDK" />
      <homePath value="$USER_HOME$/AppData/Local/Android/Sdk" />
      <roots>
        <annotationsPath>
          <root type="composite">
            <root url="jar://$USER_HOME$/AppData/Local/Android/Sdk/platforms/android-30/data/annotations.zip!/" type="simple" />
          </root>
        </annotationsPath>
        <classPath>
          <root type="composite">
            <root url="jar://$USER_HOME$/AppData/Local/Android/Sdk/platforms/android-30/android.jar!/" type="simple" />
            <root url="file://$USER_HOME$/AppData/Local/Android/Sdk/platforms/android-30/data/res" type="simple" />
          </root>
        </classPath>
        <javadocPath>
          <root type="composite" />
        </javadocPath>
        <sourcePath>
          <root type="composite">
            <root url="file://$USER_HOME$/AppData/Local/Android/Sdk/sources/android-30" type="simple" />
          </root>
        </sourcePath>
      </roots>
      <additional jdk="Embedded JDK" sdk="android-30" />
    </jdk>
    <jdk version="2">
      <name value="Android API 31 Platform" />
      <type value="Android SDK" />
      <homePath value="$USER_HOME$/AppData/Local/Android/Sdk" />
      <roots>
        <annotationsPath>
          <root type="composite">
            <root url="jar://$USER_HOME$/AppData/Local/Android/Sdk/platforms/android-31/data/annotations.zip!/" type="simple" />
          </root>
        </annotationsPath>
        <classPath>
          <root type="composite">
            <root url="jar://$USER_HOME$/AppData/Local/Android/Sdk/platforms/android-31/android.jar!/" type="simple" />
            <root url="file://$USER_HOME$/AppData/Local/Android/Sdk/platforms/android-31/data/res" type="simple" />
          </root>
        </classPath>
        <javadocPath>
          <root type="composite" />
        </javadocPath>
        <sourcePath>
          <root type="composite">
            <root url="file://$USER_HOME$/AppData/Local/Android/Sdk/sources/android-31" type="simple" />
          </root>
        </sourcePath>
      </roots>
      <additional jdk="Embedded JDK" sdk="android-31" />
    </jdk>
    <jdk version="2">
      <name value="Android Studio default JDK" />
      <type value="JavaSDK" />
      <version value="version 11.0.11" />
      <homePath value="$APPLICATION_HOME_DIR$/jre" />
      <roots>
        <annotationsPath>
          <root type="composite">
            <root url="jar://$APPLICATION_HOME_DIR$/plugins/java/lib/jdkAnnotations.jar!/" type="simple" />
          </root>
        </annotationsPath>
        <classPath>
          <root type="composite">
            <root url="jrt://D:/ProgramJob/android-studio-preview-2021.1.1.11/jre!/java.base" type="simple" />
            <root url="jrt://D:/ProgramJob/android-studio-preview-2021.1.1.11/jre!/java.compiler" type="simple" />
            <root url="jrt://D:/ProgramJob/android-studio-preview-2021.1.1.11/jre!/java.datatransfer" type="simple" />
            <root url="jrt://D:/ProgramJob/android-studio-preview-2021.1.1.11/jre!/java.desktop" type="simple" />
            <root url="jrt://D:/ProgramJob/android-studio-preview-2021.1.1.11/jre!/java.instrument" type="simple" />
            <root url="jrt://D:/ProgramJob/android-studio-preview-2021.1.1.11/jre!/java.logging" type="simple" />
            <root url="jrt://D:/ProgramJob/android-studio-preview-2021.1.1.11/jre!/java.management" type="simple" />
            <root url="jrt://D:/ProgramJob/android-studio-preview-2021.1.1.11/jre!/java.management.rmi" type="simple" />
            <root url="jrt://D:/ProgramJob/android-studio-preview-2021.1.1.11/jre!/java.naming" type="simple" />
            <root url="jrt://D:/ProgramJob/android-studio-preview-2021.1.1.11/jre!/java.net.http" type="simple" />
            <root url="jrt://D:/ProgramJob/android-studio-preview-2021.1.1.11/jre!/java.prefs" type="simple" />
            <root url="jrt://D:/ProgramJob/android-studio-preview-2021.1.1.11/jre!/java.rmi" type="simple" />
            <root url="jrt://D:/ProgramJob/android-studio-preview-2021.1.1.11/jre!/java.scripting" type="simple" />
            <root url="jrt://D:/ProgramJob/android-studio-preview-2021.1.1.11/jre!/java.se" type="simple" />
            <root url="jrt://D:/ProgramJob/android-studio-preview-2021.1.1.11/jre!/java.security.jgss" type="simple" />
            <root url="jrt://D:/ProgramJob/android-studio-preview-2021.1.1.11/jre!/java.security.sasl" type="simple" />
            <root url="jrt://D:/ProgramJob/android-studio-preview-2021.1.1.11/jre!/java.smartcardio" type="simple" />
            <root url="jrt://D:/ProgramJob/android-studio-preview-2021.1.1.11/jre!/java.sql" type="simple" />
            <root url="jrt://D:/ProgramJob/android-studio-preview-2021.1.1.11/jre!/java.sql.rowset" type="simple" />
            <root url="jrt://D:/ProgramJob/android-studio-preview-2021.1.1.11/jre!/java.transaction.xa" type="simple" />
            <root url="jrt://D:/ProgramJob/android-studio-preview-2021.1.1.11/jre!/java.xml" type="simple" />
            <root url="jrt://D:/ProgramJob/android-studio-preview-2021.1.1.11/jre!/java.xml.crypto" type="simple" />
            <root url="jrt://D:/ProgramJob/android-studio-preview-2021.1.1.11/jre!/jdk.accessibility" type="simple" />
            <root url="jrt://D:/ProgramJob/android-studio-preview-2021.1.1.11/jre!/jdk.aot" type="simple" />
            <root url="jrt://D:/ProgramJob/android-studio-preview-2021.1.1.11/jre!/jdk.attach" type="simple" />
            <root url="jrt://D:/ProgramJob/android-studio-preview-2021.1.1.11/jre!/jdk.charsets" type="simple" />
            <root url="jrt://D:/ProgramJob/android-studio-preview-2021.1.1.11/jre!/jdk.compiler" type="simple" />
            <root url="jrt://D:/ProgramJob/android-studio-preview-2021.1.1.11/jre!/jdk.crypto.cryptoki" type="simple" />
            <root url="jrt://D:/ProgramJob/android-studio-preview-2021.1.1.11/jre!/jdk.crypto.ec" type="simple" />
            <root url="jrt://D:/ProgramJob/android-studio-preview-2021.1.1.11/jre!/jdk.dynalink" type="simple" />
            <root url="jrt://D:/ProgramJob/android-studio-preview-2021.1.1.11/jre!/jdk.hotspot.agent" type="simple" />
            <root url="jrt://D:/ProgramJob/android-studio-preview-2021.1.1.11/jre!/jdk.httpserver" type="simple" />
            <root url="jrt://D:/ProgramJob/android-studio-preview-2021.1.1.11/jre!/jdk.internal.ed" type="simple" />
            <root url="jrt://D:/ProgramJob/android-studio-preview-2021.1.1.11/jre!/jdk.internal.jvmstat" type="simple" />
            <root url="jrt://D:/ProgramJob/android-studio-preview-2021.1.1.11/jre!/jdk.internal.le" type="simple" />
            <root url="jrt://D:/ProgramJob/android-studio-preview-2021.1.1.11/jre!/jdk.internal.opt" type="simple" />
            <root url="jrt://D:/ProgramJob/android-studio-preview-2021.1.1.11/jre!/jdk.internal.vm.ci" type="simple" />
            <root url="jrt://D:/ProgramJob/android-studio-preview-2021.1.1.11/jre!/jdk.internal.vm.compiler" type="simple" />
            <root url="jrt://D:/ProgramJob/android-studio-preview-2021.1.1.11/jre!/jdk.internal.vm.compiler.management" type="simple" />
            <root url="jrt://D:/ProgramJob/android-studio-preview-2021.1.1.11/jre!/jdk.jartool" type="simple" />
            <root url="jrt://D:/ProgramJob/android-studio-preview-2021.1.1.11/jre!/jdk.javadoc" type="simple" />
            <root url="jrt://D:/ProgramJob/android-studio-preview-2021.1.1.11/jre!/jdk.jdeps" type="simple" />
            <root url="jrt://D:/ProgramJob/android-studio-preview-2021.1.1.11/jre!/jdk.jdi" type="simple" />
            <root url="jrt://D:/ProgramJob/android-studio-preview-2021.1.1.11/jre!/jdk.jdwp.agent" type="simple" />
            <root url="jrt://D:/ProgramJob/android-studio-preview-2021.1.1.11/jre!/jdk.jfr" type="simple" />
            <root url="jrt://D:/ProgramJob/android-studio-preview-2021.1.1.11/jre!/jdk.jlink" type="simple" />
            <root url="jrt://D:/ProgramJob/android-studio-preview-2021.1.1.11/jre!/jdk.jsobject" type="simple" />
            <root url="jrt://D:/ProgramJob/android-studio-preview-2021.1.1.11/jre!/jdk.localedata" type="simple" />
            <root url="jrt://D:/ProgramJob/android-studio-preview-2021.1.1.11/jre!/jdk.management" type="simple" />
            <root url="jrt://D:/ProgramJob/android-studio-preview-2021.1.1.11/jre!/jdk.management.agent" type="simple" />
            <root url="jrt://D:/ProgramJob/android-studio-preview-2021.1.1.11/jre!/jdk.management.jfr" type="simple" />
            <root url="jrt://D:/ProgramJob/android-studio-preview-2021.1.1.11/jre!/jdk.naming.dns" type="simple" />
            <root url="jrt://D:/ProgramJob/android-studio-preview-2021.1.1.11/jre!/jdk.naming.rmi" type="simple" />
            <root url="jrt://D:/ProgramJob/android-studio-preview-2021.1.1.11/jre!/jdk.net" type="simple" />
            <root url="jrt://D:/ProgramJob/android-studio-preview-2021.1.1.11/jre!/jdk.pack" type="simple" />
            <root url="jrt://D:/ProgramJob/android-studio-preview-2021.1.1.11/jre!/jdk.scripting.nashorn" type="simple" />
            <root url="jrt://D:/ProgramJob/android-studio-preview-2021.1.1.11/jre!/jdk.scripting.nashorn.shell" type="simple" />
            <root url="jrt://D:/ProgramJob/android-studio-preview-2021.1.1.11/jre!/jdk.sctp" type="simple" />
            <root url="jrt://D:/ProgramJob/android-studio-preview-2021.1.1.11/jre!/jdk.security.auth" type="simple" />
            <root url="jrt://D:/ProgramJob/android-studio-preview-2021.1.1.11/jre!/jdk.security.jgss" type="simple" />
            <root url="jrt://D:/ProgramJob/android-studio-preview-2021.1.1.11/jre!/jdk.unsupported" type="simple" />
            <root url="jrt://D:/ProgramJob/android-studio-preview-2021.1.1.11/jre!/jdk.xml.dom" type="simple" />
            <root url="jrt://D:/ProgramJob/android-studio-preview-2021.1.1.11/jre!/jdk.zipfs" type="simple" />
          </root>
        </classPath>
        <javadocPath>
          <root type="composite" />
        </javadocPath>
        <sourcePath>
          <root type="composite" />
        </sourcePath>
      </roots>
      <additional />
    </jdk>
    <jdk version="2">
      <name value="Android Studio java home" />
      <type value="JavaSDK" />
      <version value="version 11.0.12" />
      <homePath value="D:/.LinkSrc/User/.jdks/jdk-11.0.12" />
      <roots>
        <annotationsPath>
          <root type="composite">
            <root url="jar://$APPLICATION_HOME_DIR$/plugins/java/lib/jdkAnnotations.jar!/" type="simple" />
          </root>
        </annotationsPath>
        <classPath>
          <root type="composite">
            <root url="jrt://D:/.LinkSrc/User/.jdks/jdk-11.0.12!/java.base" type="simple" />
            <root url="jrt://D:/.LinkSrc/User/.jdks/jdk-11.0.12!/java.compiler" type="simple" />
            <root url="jrt://D:/.LinkSrc/User/.jdks/jdk-11.0.12!/java.datatransfer" type="simple" />
            <root url="jrt://D:/.LinkSrc/User/.jdks/jdk-11.0.12!/java.desktop" type="simple" />
            <root url="jrt://D:/.LinkSrc/User/.jdks/jdk-11.0.12!/java.instrument" type="simple" />
            <root url="jrt://D:/.LinkSrc/User/.jdks/jdk-11.0.12!/java.logging" type="simple" />
            <root url="jrt://D:/.LinkSrc/User/.jdks/jdk-11.0.12!/java.management" type="simple" />
            <root url="jrt://D:/.LinkSrc/User/.jdks/jdk-11.0.12!/java.management.rmi" type="simple" />
            <root url="jrt://D:/.LinkSrc/User/.jdks/jdk-11.0.12!/java.naming" type="simple" />
            <root url="jrt://D:/.LinkSrc/User/.jdks/jdk-11.0.12!/java.net.http" type="simple" />
            <root url="jrt://D:/.LinkSrc/User/.jdks/jdk-11.0.12!/java.prefs" type="simple" />
            <root url="jrt://D:/.LinkSrc/User/.jdks/jdk-11.0.12!/java.rmi" type="simple" />
            <root url="jrt://D:/.LinkSrc/User/.jdks/jdk-11.0.12!/java.scripting" type="simple" />
            <root url="jrt://D:/.LinkSrc/User/.jdks/jdk-11.0.12!/java.se" type="simple" />
            <root url="jrt://D:/.LinkSrc/User/.jdks/jdk-11.0.12!/java.security.jgss" type="simple" />
            <root url="jrt://D:/.LinkSrc/User/.jdks/jdk-11.0.12!/java.security.sasl" type="simple" />
            <root url="jrt://D:/.LinkSrc/User/.jdks/jdk-11.0.12!/java.smartcardio" type="simple" />
            <root url="jrt://D:/.LinkSrc/User/.jdks/jdk-11.0.12!/java.sql" type="simple" />
            <root url="jrt://D:/.LinkSrc/User/.jdks/jdk-11.0.12!/java.sql.rowset" type="simple" />
            <root url="jrt://D:/.LinkSrc/User/.jdks/jdk-11.0.12!/java.transaction.xa" type="simple" />
            <root url="jrt://D:/.LinkSrc/User/.jdks/jdk-11.0.12!/java.xml" type="simple" />
            <root url="jrt://D:/.LinkSrc/User/.jdks/jdk-11.0.12!/java.xml.crypto" type="simple" />
            <root url="jrt://D:/.LinkSrc/User/.jdks/jdk-11.0.12!/jdk.accessibility" type="simple" />
            <root url="jrt://D:/.LinkSrc/User/.jdks/jdk-11.0.12!/jdk.aot" type="simple" />
            <root url="jrt://D:/.LinkSrc/User/.jdks/jdk-11.0.12!/jdk.attach" type="simple" />
            <root url="jrt://D:/.LinkSrc/User/.jdks/jdk-11.0.12!/jdk.charsets" type="simple" />
            <root url="jrt://D:/.LinkSrc/User/.jdks/jdk-11.0.12!/jdk.compiler" type="simple" />
            <root url="jrt://D:/.LinkSrc/User/.jdks/jdk-11.0.12!/jdk.crypto.cryptoki" type="simple" />
            <root url="jrt://D:/.LinkSrc/User/.jdks/jdk-11.0.12!/jdk.crypto.ec" type="simple" />
            <root url="jrt://D:/.LinkSrc/User/.jdks/jdk-11.0.12!/jdk.crypto.mscapi" type="simple" />
            <root url="jrt://D:/.LinkSrc/User/.jdks/jdk-11.0.12!/jdk.dynalink" type="simple" />
            <root url="jrt://D:/.LinkSrc/User/.jdks/jdk-11.0.12!/jdk.editpad" type="simple" />
            <root url="jrt://D:/.LinkSrc/User/.jdks/jdk-11.0.12!/jdk.hotspot.agent" type="simple" />
            <root url="jrt://D:/.LinkSrc/User/.jdks/jdk-11.0.12!/jdk.httpserver" type="simple" />
            <root url="jrt://D:/.LinkSrc/User/.jdks/jdk-11.0.12!/jdk.internal.ed" type="simple" />
            <root url="jrt://D:/.LinkSrc/User/.jdks/jdk-11.0.12!/jdk.internal.jvmstat" type="simple" />
            <root url="jrt://D:/.LinkSrc/User/.jdks/jdk-11.0.12!/jdk.internal.le" type="simple" />
            <root url="jrt://D:/.LinkSrc/User/.jdks/jdk-11.0.12!/jdk.internal.opt" type="simple" />
            <root url="jrt://D:/.LinkSrc/User/.jdks/jdk-11.0.12!/jdk.internal.vm.ci" type="simple" />
            <root url="jrt://D:/.LinkSrc/User/.jdks/jdk-11.0.12!/jdk.internal.vm.compiler" type="simple" />
            <root url="jrt://D:/.LinkSrc/User/.jdks/jdk-11.0.12!/jdk.internal.vm.compiler.management" type="simple" />
            <root url="jrt://D:/.LinkSrc/User/.jdks/jdk-11.0.12!/jdk.jartool" type="simple" />
            <root url="jrt://D:/.LinkSrc/User/.jdks/jdk-11.0.12!/jdk.javadoc" type="simple" />
            <root url="jrt://D:/.LinkSrc/User/.jdks/jdk-11.0.12!/jdk.jcmd" type="simple" />
            <root url="jrt://D:/.LinkSrc/User/.jdks/jdk-11.0.12!/jdk.jconsole" type="simple" />
            <root url="jrt://D:/.LinkSrc/User/.jdks/jdk-11.0.12!/jdk.jdeps" type="simple" />
            <root url="jrt://D:/.LinkSrc/User/.jdks/jdk-11.0.12!/jdk.jdi" type="simple" />
            <root url="jrt://D:/.LinkSrc/User/.jdks/jdk-11.0.12!/jdk.jdwp.agent" type="simple" />
            <root url="jrt://D:/.LinkSrc/User/.jdks/jdk-11.0.12!/jdk.jfr" type="simple" />
            <root url="jrt://D:/.LinkSrc/User/.jdks/jdk-11.0.12!/jdk.jlink" type="simple" />
            <root url="jrt://D:/.LinkSrc/User/.jdks/jdk-11.0.12!/jdk.jshell" type="simple" />
            <root url="jrt://D:/.LinkSrc/User/.jdks/jdk-11.0.12!/jdk.jsobject" type="simple" />
            <root url="jrt://D:/.LinkSrc/User/.jdks/jdk-11.0.12!/jdk.jstatd" type="simple" />
            <root url="jrt://D:/.LinkSrc/User/.jdks/jdk-11.0.12!/jdk.localedata" type="simple" />
            <root url="jrt://D:/.LinkSrc/User/.jdks/jdk-11.0.12!/jdk.management" type="simple" />
            <root url="jrt://D:/.LinkSrc/User/.jdks/jdk-11.0.12!/jdk.management.agent" type="simple" />
            <root url="jrt://D:/.LinkSrc/User/.jdks/jdk-11.0.12!/jdk.management.jfr" type="simple" />
            <root url="jrt://D:/.LinkSrc/User/.jdks/jdk-11.0.12!/jdk.naming.dns" type="simple" />
            <root url="jrt://D:/.LinkSrc/User/.jdks/jdk-11.0.12!/jdk.naming.ldap" type="simple" />
            <root url="jrt://D:/.LinkSrc/User/.jdks/jdk-11.0.12!/jdk.naming.rmi" type="simple" />
            <root url="jrt://D:/.LinkSrc/User/.jdks/jdk-11.0.12!/jdk.net" type="simple" />
            <root url="jrt://D:/.LinkSrc/User/.jdks/jdk-11.0.12!/jdk.pack" type="simple" />
            <root url="jrt://D:/.LinkSrc/User/.jdks/jdk-11.0.12!/jdk.rmic" type="simple" />
            <root url="jrt://D:/.LinkSrc/User/.jdks/jdk-11.0.12!/jdk.scripting.nashorn" type="simple" />
            <root url="jrt://D:/.LinkSrc/User/.jdks/jdk-11.0.12!/jdk.scripting.nashorn.shell" type="simple" />
            <root url="jrt://D:/.LinkSrc/User/.jdks/jdk-11.0.12!/jdk.sctp" type="simple" />
            <root url="jrt://D:/.LinkSrc/User/.jdks/jdk-11.0.12!/jdk.security.auth" type="simple" />
            <root url="jrt://D:/.LinkSrc/User/.jdks/jdk-11.0.12!/jdk.security.jgss" type="simple" />
            <root url="jrt://D:/.LinkSrc/User/.jdks/jdk-11.0.12!/jdk.unsupported" type="simple" />
            <root url="jrt://D:/.LinkSrc/User/.jdks/jdk-11.0.12!/jdk.unsupported.desktop" type="simple" />
            <root url="jrt://D:/.LinkSrc/User/.jdks/jdk-11.0.12!/jdk.xml.dom" type="simple" />
            <root url="jrt://D:/.LinkSrc/User/.jdks/jdk-11.0.12!/jdk.zipfs" type="simple" />
          </root>
        </classPath>
        <javadocPath>
          <root type="composite" />
        </javadocPath>
        <sourcePath>
          <root type="composite">
            <root url="jar://D:/.LinkSrc/User/.jdks/jdk-11.0.12/lib/src.zip!/java.se" type="simple" />
            <root url="jar://D:/.LinkSrc/User/.jdks/jdk-11.0.12/lib/src.zip!/jdk.aot" type="simple" />
            <root url="jar://D:/.LinkSrc/User/.jdks/jdk-11.0.12/lib/src.zip!/jdk.jdi" type="simple" />
            <root url="jar://D:/.LinkSrc/User/.jdks/jdk-11.0.12/lib/src.zip!/jdk.jfr" type="simple" />
            <root url="jar://D:/.LinkSrc/User/.jdks/jdk-11.0.12/lib/src.zip!/jdk.net" type="simple" />
            <root url="jar://D:/.LinkSrc/User/.jdks/jdk-11.0.12/lib/src.zip!/java.rmi" type="simple" />
            <root url="jar://D:/.LinkSrc/User/.jdks/jdk-11.0.12/lib/src.zip!/java.sql" type="simple" />
            <root url="jar://D:/.LinkSrc/User/.jdks/jdk-11.0.12/lib/src.zip!/java.xml" type="simple" />
            <root url="jar://D:/.LinkSrc/User/.jdks/jdk-11.0.12/lib/src.zip!/jdk.jcmd" type="simple" />
            <root url="jar://D:/.LinkSrc/User/.jdks/jdk-11.0.12/lib/src.zip!/jdk.pack" type="simple" />
            <root url="jar://D:/.LinkSrc/User/.jdks/jdk-11.0.12/lib/src.zip!/jdk.rmic" type="simple" />
            <root url="jar://D:/.LinkSrc/User/.jdks/jdk-11.0.12/lib/src.zip!/jdk.sctp" type="simple" />
            <root url="jar://D:/.LinkSrc/User/.jdks/jdk-11.0.12/lib/src.zip!/java.base" type="simple" />
            <root url="jar://D:/.LinkSrc/User/.jdks/jdk-11.0.12/lib/src.zip!/jdk.jdeps" type="simple" />
            <root url="jar://D:/.LinkSrc/User/.jdks/jdk-11.0.12/lib/src.zip!/jdk.jlink" type="simple" />
            <root url="jar://D:/.LinkSrc/User/.jdks/jdk-11.0.12/lib/src.zip!/jdk.zipfs" type="simple" />
            <root url="jar://D:/.LinkSrc/User/.jdks/jdk-11.0.12/lib/src.zip!/java.prefs" type="simple" />
            <root url="jar://D:/.LinkSrc/User/.jdks/jdk-11.0.12/lib/src.zip!/jdk.attach" type="simple" />
            <root url="jar://D:/.LinkSrc/User/.jdks/jdk-11.0.12/lib/src.zip!/jdk.jshell" type="simple" />
            <root url="jar://D:/.LinkSrc/User/.jdks/jdk-11.0.12/lib/src.zip!/jdk.jstatd" type="simple" />
            <root url="jar://D:/.LinkSrc/User/.jdks/jdk-11.0.12/lib/src.zip!/java.naming" type="simple" />
            <root url="jar://D:/.LinkSrc/User/.jdks/jdk-11.0.12/lib/src.zip!/jdk.editpad" type="simple" />
            <root url="jar://D:/.LinkSrc/User/.jdks/jdk-11.0.12/lib/src.zip!/jdk.jartool" type="simple" />
            <root url="jar://D:/.LinkSrc/User/.jdks/jdk-11.0.12/lib/src.zip!/jdk.javadoc" type="simple" />
            <root url="jar://D:/.LinkSrc/User/.jdks/jdk-11.0.12/lib/src.zip!/jdk.xml.dom" type="simple" />
            <root url="jar://D:/.LinkSrc/User/.jdks/jdk-11.0.12/lib/src.zip!/java.desktop" type="simple" />
            <root url="jar://D:/.LinkSrc/User/.jdks/jdk-11.0.12/lib/src.zip!/java.logging" type="simple" />
            <root url="jar://D:/.LinkSrc/User/.jdks/jdk-11.0.12/lib/src.zip!/jdk.charsets" type="simple" />
            <root url="jar://D:/.LinkSrc/User/.jdks/jdk-11.0.12/lib/src.zip!/jdk.compiler" type="simple" />
            <root url="jar://D:/.LinkSrc/User/.jdks/jdk-11.0.12/lib/src.zip!/jdk.dynalink" type="simple" />
            <root url="jar://D:/.LinkSrc/User/.jdks/jdk-11.0.12/lib/src.zip!/jdk.jconsole" type="simple" />
            <root url="jar://D:/.LinkSrc/User/.jdks/jdk-11.0.12/lib/src.zip!/jdk.jsobject" type="simple" />
            <root url="jar://D:/.LinkSrc/User/.jdks/jdk-11.0.12/lib/src.zip!/java.compiler" type="simple" />
            <root url="jar://D:/.LinkSrc/User/.jdks/jdk-11.0.12/lib/src.zip!/java.net.http" type="simple" />
            <root url="jar://D:/.LinkSrc/User/.jdks/jdk-11.0.12/lib/src.zip!/jdk.crypto.ec" type="simple" />
            <root url="jar://D:/.LinkSrc/User/.jdks/jdk-11.0.12/lib/src.zip!/java.scripting" type="simple" />
            <root url="jar://D:/.LinkSrc/User/.jdks/jdk-11.0.12/lib/src.zip!/jdk.httpserver" type="simple" />
            <root url="jar://D:/.LinkSrc/User/.jdks/jdk-11.0.12/lib/src.zip!/jdk.jdwp.agent" type="simple" />
            <root url="jar://D:/.LinkSrc/User/.jdks/jdk-11.0.12/lib/src.zip!/jdk.localedata" type="simple" />
            <root url="jar://D:/.LinkSrc/User/.jdks/jdk-11.0.12/lib/src.zip!/jdk.management" type="simple" />
            <root url="jar://D:/.LinkSrc/User/.jdks/jdk-11.0.12/lib/src.zip!/jdk.naming.dns" type="simple" />
            <root url="jar://D:/.LinkSrc/User/.jdks/jdk-11.0.12/lib/src.zip!/jdk.naming.rmi" type="simple" />
            <root url="jar://D:/.LinkSrc/User/.jdks/jdk-11.0.12/lib/src.zip!/java.instrument" type="simple" />
            <root url="jar://D:/.LinkSrc/User/.jdks/jdk-11.0.12/lib/src.zip!/java.management" type="simple" />
            <root url="jar://D:/.LinkSrc/User/.jdks/jdk-11.0.12/lib/src.zip!/java.sql.rowset" type="simple" />
            <root url="jar://D:/.LinkSrc/User/.jdks/jdk-11.0.12/lib/src.zip!/java.xml.crypto" type="simple" />
            <root url="jar://D:/.LinkSrc/User/.jdks/jdk-11.0.12/lib/src.zip!/jdk.internal.ed" type="simple" />
            <root url="jar://D:/.LinkSrc/User/.jdks/jdk-11.0.12/lib/src.zip!/jdk.internal.le" type="simple" />
            <root url="jar://D:/.LinkSrc/User/.jdks/jdk-11.0.12/lib/src.zip!/jdk.naming.ldap" type="simple" />
            <root url="jar://D:/.LinkSrc/User/.jdks/jdk-11.0.12/lib/src.zip!/jdk.unsupported" type="simple" />
            <root url="jar://D:/.LinkSrc/User/.jdks/jdk-11.0.12/lib/src.zip!/java.smartcardio" type="simple" />
            <root url="jar://D:/.LinkSrc/User/.jdks/jdk-11.0.12/lib/src.zip!/jdk.internal.opt" type="simple" />
            <root url="jar://D:/.LinkSrc/User/.jdks/jdk-11.0.12/lib/src.zip!/java.datatransfer" type="simple" />
            <root url="jar://D:/.LinkSrc/User/.jdks/jdk-11.0.12/lib/src.zip!/jdk.accessibility" type="simple" />
            <root url="jar://D:/.LinkSrc/User/.jdks/jdk-11.0.12/lib/src.zip!/jdk.crypto.mscapi" type="simple" />
            <root url="jar://D:/.LinkSrc/User/.jdks/jdk-11.0.12/lib/src.zip!/jdk.hotspot.agent" type="simple" />
            <root url="jar://D:/.LinkSrc/User/.jdks/jdk-11.0.12/lib/src.zip!/jdk.security.auth" type="simple" />
            <root url="jar://D:/.LinkSrc/User/.jdks/jdk-11.0.12/lib/src.zip!/jdk.security.jgss" type="simple" />
            <root url="jar://D:/.LinkSrc/User/.jdks/jdk-11.0.12/lib/src.zip!/java.security.jgss" type="simple" />
            <root url="jar://D:/.LinkSrc/User/.jdks/jdk-11.0.12/lib/src.zip!/java.security.sasl" type="simple" />
            <root url="jar://D:/.LinkSrc/User/.jdks/jdk-11.0.12/lib/src.zip!/jdk.internal.vm.ci" type="simple" />
            <root url="jar://D:/.LinkSrc/User/.jdks/jdk-11.0.12/lib/src.zip!/jdk.management.jfr" type="simple" />
            <root url="jar://D:/.LinkSrc/User/.jdks/jdk-11.0.12/lib/src.zip!/java.management.rmi" type="simple" />
            <root url="jar://D:/.LinkSrc/User/.jdks/jdk-11.0.12/lib/src.zip!/java.transaction.xa" type="simple" />
            <root url="jar://D:/.LinkSrc/User/.jdks/jdk-11.0.12/lib/src.zip!/jdk.crypto.cryptoki" type="simple" />
            <root url="jar://D:/.LinkSrc/User/.jdks/jdk-11.0.12/lib/src.zip!/jdk.internal.jvmstat" type="simple" />
            <root url="jar://D:/.LinkSrc/User/.jdks/jdk-11.0.12/lib/src.zip!/jdk.management.agent" type="simple" />
            <root url="jar://D:/.LinkSrc/User/.jdks/jdk-11.0.12/lib/src.zip!/jdk.scripting.nashorn" type="simple" />
            <root url="jar://D:/.LinkSrc/User/.jdks/jdk-11.0.12/lib/src.zip!/jdk.unsupported.desktop" type="simple" />
            <root url="jar://D:/.LinkSrc/User/.jdks/jdk-11.0.12/lib/src.zip!/jdk.internal.vm.compiler" type="simple" />
            <root url="jar://D:/.LinkSrc/User/.jdks/jdk-11.0.12/lib/src.zip!/jdk.scripting.nashorn.shell" type="simple" />
            <root url="jar://D:/.LinkSrc/User/.jdks/jdk-11.0.12/lib/src.zip!/jdk.internal.vm.compiler.management" type="simple" />
          </root>
        </sourcePath>
      </roots>
      <additional />
    </jdk>
    <jdk version="2">
      <name value="11" />
      <type value="JavaSDK" />
      <version value="version 11.0.11" />
      <homePath value="$APPLICATION_HOME_DIR$/jre" />
      <roots>
        <annotationsPath>
          <root type="composite">
            <root url="jar://$APPLICATION_HOME_DIR$/plugins/java/lib/jdkAnnotations.jar!/" type="simple" />
          </root>
        </annotationsPath>
        <classPath>
          <root type="composite">
            <root url="jrt://D:/ProgramJob/android-studio-preview-2021.1.1.11/jre!/java.base" type="simple" />
            <root url="jrt://D:/ProgramJob/android-studio-preview-2021.1.1.11/jre!/java.compiler" type="simple" />
            <root url="jrt://D:/ProgramJob/android-studio-preview-2021.1.1.11/jre!/java.datatransfer" type="simple" />
            <root url="jrt://D:/ProgramJob/android-studio-preview-2021.1.1.11/jre!/java.desktop" type="simple" />
            <root url="jrt://D:/ProgramJob/android-studio-preview-2021.1.1.11/jre!/java.instrument" type="simple" />
            <root url="jrt://D:/ProgramJob/android-studio-preview-2021.1.1.11/jre!/java.logging" type="simple" />
            <root url="jrt://D:/ProgramJob/android-studio-preview-2021.1.1.11/jre!/java.management" type="simple" />
            <root url="jrt://D:/ProgramJob/android-studio-preview-2021.1.1.11/jre!/java.management.rmi" type="simple" />
            <root url="jrt://D:/ProgramJob/android-studio-preview-2021.1.1.11/jre!/java.naming" type="simple" />
            <root url="jrt://D:/ProgramJob/android-studio-preview-2021.1.1.11/jre!/java.net.http" type="simple" />
            <root url="jrt://D:/ProgramJob/android-studio-preview-2021.1.1.11/jre!/java.prefs" type="simple" />
            <root url="jrt://D:/ProgramJob/android-studio-preview-2021.1.1.11/jre!/java.rmi" type="simple" />
            <root url="jrt://D:/ProgramJob/android-studio-preview-2021.1.1.11/jre!/java.scripting" type="simple" />
            <root url="jrt://D:/ProgramJob/android-studio-preview-2021.1.1.11/jre!/java.se" type="simple" />
            <root url="jrt://D:/ProgramJob/android-studio-preview-2021.1.1.11/jre!/java.security.jgss" type="simple" />
            <root url="jrt://D:/ProgramJob/android-studio-preview-2021.1.1.11/jre!/java.security.sasl" type="simple" />
            <root url="jrt://D:/ProgramJob/android-studio-preview-2021.1.1.11/jre!/java.smartcardio" type="simple" />
            <root url="jrt://D:/ProgramJob/android-studio-preview-2021.1.1.11/jre!/java.sql" type="simple" />
            <root url="jrt://D:/ProgramJob/android-studio-preview-2021.1.1.11/jre!/java.sql.rowset" type="simple" />
            <root url="jrt://D:/ProgramJob/android-studio-preview-2021.1.1.11/jre!/java.transaction.xa" type="simple" />
            <root url="jrt://D:/ProgramJob/android-studio-preview-2021.1.1.11/jre!/java.xml" type="simple" />
            <root url="jrt://D:/ProgramJob/android-studio-preview-2021.1.1.11/jre!/java.xml.crypto" type="simple" />
            <root url="jrt://D:/ProgramJob/android-studio-preview-2021.1.1.11/jre!/jdk.accessibility" type="simple" />
            <root url="jrt://D:/ProgramJob/android-studio-preview-2021.1.1.11/jre!/jdk.aot" type="simple" />
            <root url="jrt://D:/ProgramJob/android-studio-preview-2021.1.1.11/jre!/jdk.attach" type="simple" />
            <root url="jrt://D:/ProgramJob/android-studio-preview-2021.1.1.11/jre!/jdk.charsets" type="simple" />
            <root url="jrt://D:/ProgramJob/android-studio-preview-2021.1.1.11/jre!/jdk.compiler" type="simple" />
            <root url="jrt://D:/ProgramJob/android-studio-preview-2021.1.1.11/jre!/jdk.crypto.cryptoki" type="simple" />
            <root url="jrt://D:/ProgramJob/android-studio-preview-2021.1.1.11/jre!/jdk.crypto.ec" type="simple" />
            <root url="jrt://D:/ProgramJob/android-studio-preview-2021.1.1.11/jre!/jdk.dynalink" type="simple" />
            <root url="jrt://D:/ProgramJob/android-studio-preview-2021.1.1.11/jre!/jdk.hotspot.agent" type="simple" />
            <root url="jrt://D:/ProgramJob/android-studio-preview-2021.1.1.11/jre!/jdk.httpserver" type="simple" />
            <root url="jrt://D:/ProgramJob/android-studio-preview-2021.1.1.11/jre!/jdk.internal.ed" type="simple" />
            <root url="jrt://D:/ProgramJob/android-studio-preview-2021.1.1.11/jre!/jdk.internal.jvmstat" type="simple" />
            <root url="jrt://D:/ProgramJob/android-studio-preview-2021.1.1.11/jre!/jdk.internal.le" type="simple" />
            <root url="jrt://D:/ProgramJob/android-studio-preview-2021.1.1.11/jre!/jdk.internal.opt" type="simple" />
            <root url="jrt://D:/ProgramJob/android-studio-preview-2021.1.1.11/jre!/jdk.internal.vm.ci" type="simple" />
            <root url="jrt://D:/ProgramJob/android-studio-preview-2021.1.1.11/jre!/jdk.internal.vm.compiler" type="simple" />
            <root url="jrt://D:/ProgramJob/android-studio-preview-2021.1.1.11/jre!/jdk.internal.vm.compiler.management" type="simple" />
            <root url="jrt://D:/ProgramJob/android-studio-preview-2021.1.1.11/jre!/jdk.jartool" type="simple" />
            <root url="jrt://D:/ProgramJob/android-studio-preview-2021.1.1.11/jre!/jdk.javadoc" type="simple" />
            <root url="jrt://D:/ProgramJob/android-studio-preview-2021.1.1.11/jre!/jdk.jdeps" type="simple" />
            <root url="jrt://D:/ProgramJob/android-studio-preview-2021.1.1.11/jre!/jdk.jdi" type="simple" />
            <root url="jrt://D:/ProgramJob/android-studio-preview-2021.1.1.11/jre!/jdk.jdwp.agent" type="simple" />
            <root url="jrt://D:/ProgramJob/android-studio-preview-2021.1.1.11/jre!/jdk.jfr" type="simple" />
            <root url="jrt://D:/ProgramJob/android-studio-preview-2021.1.1.11/jre!/jdk.jlink" type="simple" />
            <root url="jrt://D:/ProgramJob/android-studio-preview-2021.1.1.11/jre!/jdk.jsobject" type="simple" />
            <root url="jrt://D:/ProgramJob/android-studio-preview-2021.1.1.11/jre!/jdk.localedata" type="simple" />
            <root url="jrt://D:/ProgramJob/android-studio-preview-2021.1.1.11/jre!/jdk.management" type="simple" />
            <root url="jrt://D:/ProgramJob/android-studio-preview-2021.1.1.11/jre!/jdk.management.agent" type="simple" />
            <root url="jrt://D:/ProgramJob/android-studio-preview-2021.1.1.11/jre!/jdk.management.jfr" type="simple" />
            <root url="jrt://D:/ProgramJob/android-studio-preview-2021.1.1.11/jre!/jdk.naming.dns" type="simple" />
            <root url="jrt://D:/ProgramJob/android-studio-preview-2021.1.1.11/jre!/jdk.naming.rmi" type="simple" />
            <root url="jrt://D:/ProgramJob/android-studio-preview-2021.1.1.11/jre!/jdk.net" type="simple" />
            <root url="jrt://D:/ProgramJob/android-studio-preview-2021.1.1.11/jre!/jdk.pack" type="simple" />
            <root url="jrt://D:/ProgramJob/android-studio-preview-2021.1.1.11/jre!/jdk.scripting.nashorn" type="simple" />
            <root url="jrt://D:/ProgramJob/android-studio-preview-2021.1.1.11/jre!/jdk.scripting.nashorn.shell" type="simple" />
            <root url="jrt://D:/ProgramJob/android-studio-preview-2021.1.1.11/jre!/jdk.sctp" type="simple" />
            <root url="jrt://D:/ProgramJob/android-studio-preview-2021.1.1.11/jre!/jdk.security.auth" type="simple" />
            <root url="jrt://D:/ProgramJob/android-studio-preview-2021.1.1.11/jre!/jdk.security.jgss" type="simple" />
            <root url="jrt://D:/ProgramJob/android-studio-preview-2021.1.1.11/jre!/jdk.unsupported" type="simple" />
            <root url="jrt://D:/ProgramJob/android-studio-preview-2021.1.1.11/jre!/jdk.xml.dom" type="simple" />
            <root url="jrt://D:/ProgramJob/android-studio-preview-2021.1.1.11/jre!/jdk.zipfs" type="simple" />
          </root>
        </classPath>
        <javadocPath>
          <root type="composite" />
        </javadocPath>
        <sourcePath>
          <root type="composite" />
        </sourcePath>
      </roots>
      <additional />
    </jdk>
  </component>
</application>