<application>
  <component name="UpdatesConfigurable">
    <option name="CHECK_NEEDED" value="false" />
    <ignoredBuildNumbers>
      <item value="emulator#29.1.2" />
      <item value="extras;intel;Hardware_Accelerated_Execution_Manager#7.5.1" />
      <item value="platforms;android-27#3" />
    </ignoredBuildNumbers>
    <option name="LAST_BUILD_CHECKED" value="AI-211.7628.21.2111.7676841" />
    <option name="LAST_TIME_CHECKED" value="1635940712447" />
    <option name="THIRD_PARTY_PLUGINS_ALLOWED" value="true" />
  </component>
</application>