<application>
  <component name="CodeInsightSettings">
    <option name="completionCaseSensitive" value="2" />
    <option name="PARAMETER_INFO_DELAY" value="200" />
    <option name="AUTO_POPUP_JAVADOC_INFO" value="true" />
    <option name="JAVADOC_INFO_DELAY" value="200" />
    <option name="COMPLETION_CASE_SENSITIVE" value="2" />
    <option name="HIGHLIGHT_SCOPE" value="true" />
  </component>
  <component name="DefaultFont">
    <option name="FONT_SIZE" value="15" />
    <option name="FONT_FAMILY" value="Consolas" />
    <option name="FONT_REGULAR_SUB_FAMILY" value="Regular" />
    <option name="FONT_BOLD_SUB_FAMILY" value="Bold" />
    <option name="LINE_SPACING" value="1.0" />
    <option name="USE_LIGATURES" value="true" />
  </component>
  <component name="EditorSettings">
    <option name="languageBreadcrumbsMap">
      <map>
        <entry key="Groovy" value="true" />
        <entry key="HTML" value="true" />
        <entry key="JAVA" value="true" />
        <entry key="JSON" value="true" />
        <entry key="ObjectiveC" value="true" />
        <entry key="XHTML" value="true" />
        <entry key="XML" value="true" />
        <entry key="kotlin" value="true" />
        <entry key="yaml" value="true" />
      </map>
    </option>
    <option name="USE_SOFT_WRAPS" value="CONSOLE" />
    <option name="SHOW_BREADCRUMBS_ABOVE" value="true" />
  </component>
  <component name="InlayHintsSettings">
    <option name="lastViewedProviderKeyId" value="parameter.hints.old" />
  </component>
  <component name="TodoConfiguration">
    <pattern pattern="\btodo\b.*" />
    <pattern pattern="\bfix\b.*" />
    <pattern pattern="\bstep\b.*" />
    <pattern pattern="\bmark\b.*" />
    <pattern pattern="\bdomain\b.*" />
    <pattern pattern="\bbug\b.*" />
    <pattern pattern="\bpendingStudy\b.*" />
    <pattern pattern="\bpending\b.*" />
    <pattern pattern="\b检查于\b.*" />
    <pattern pattern="\b修改于\b.*" />
    <pattern pattern="\bfuture\b.*" />
    <pattern pattern="\bdeprecated\b.*" />
    <pattern pattern="\bing\b.*" />
    <pattern pattern="\b运行于\b.*" />
    <pattern pattern="\b完成于\b.*" />
    <pattern pattern="\bassert\b.*" />
    <pattern pattern="\b更新于\b.*" />
    <pattern pattern="\b警告：\b.*" />
    <pattern pattern="\bmk\b.*" />
    <filter name="step">
      <pattern index="2" />
    </filter>
    <filter name="todo">
      <pattern index="0" />
    </filter>
    <filter name="fix">
      <pattern index="1" />
    </filter>
    <filter name="mark">
      <pattern index="3" />
    </filter>
    <filter name="domain">
      <pattern index="4" />
    </filter>
    <filter name="bug">
      <pattern index="5" />
    </filter>
    <filter name="pendingStudy">
      <pattern index="6" />
    </filter>
    <filter name="pending">
      <pattern index="7" />
    </filter>
    <filter name="检查于">
      <pattern index="8" />
    </filter>
    <filter name="修改于">
      <pattern index="9" />
    </filter>
    <filter name="以后再说">
      <pattern index="10" />
    </filter>
    <filter name="deprecated">
      <pattern index="11" />
    </filter>
    <filter name="ing">
      <pattern index="12" />
    </filter>
    <filter name="运行于">
      <pattern index="13" />
    </filter>
    <filter name="完成于">
      <pattern index="14" />
    </filter>
    <filter name="assert">
      <pattern index="15" />
    </filter>
    <filter name="更新于">
      <pattern index="16" />
    </filter>
    <filter name="警告：">
      <pattern index="17" />
    </filter>
    <filter name="mk">
      <pattern index="18" />
    </filter>
  </component>
</application>