<application>
  <component name="AppStorage">
    <option name="newTranslationDialogWidth" value="598" />
    <option name="newTranslationDialogX" value="508" />
    <option name="newTranslationDialogY" value="315" />
    <option name="pinTranslationDialog" value="true" />
    <histories>
      <item value="handle End" />
      <item value="Launcher" />
      <item value="suspend Coroutine Unintercepted Or Return" />
      <item value="topmost Key" />
      <item value="Returns continuation that wraps the original [continuation], thus intercepting all resumptions. This function is invoked by coroutines framework when needed and the resulting continuations are cached internally per each instance of the original [continuation]." />
      <item value="Continuation Interceptor" />
      <item value="Cancellable Continuation Impl" />
      <item value="Registers a [handler] to be synchronously invoked on [cancellation][cancel] (regular or exceptional) of this continuation. When the continuation is already cancelled, the handler is immediately invoked with the cancellation exception. Otherwise, the handler will be invoked as soon as this continuation is cancelled." />
      <item value="Conflate Poster" />
      <item value="Noob Ges Time Param" />
      <item value="Ges Cbk Solo" />
      <item value="serial Version UID" />
      <item value="inner" />
      <item value="CMD CLASS TYPE KEY" />
      <item value="nor" />
      <item value="guarantees" />
      <item value="When [LaunchedEffect] enters the composition it will launch [block] into the composition's [CoroutineContext]. The coroutine will be [cancelled][Job.cancel] and re-launched when [LaunchedEffect] is recomposed with a different [key1]. The coroutine will be [cancelled][Job.cancel] when the [LaunchedEffect] leaves the composition." />
      <item value="Interaction Source" />
      <item value="require" />
      <item value="Channel Conflated" />
      <item value="on Undelivered Element" />
      <item value="remove First If Is Instance Of Or Peek If" />
      <item value="Invoked when enqueued receiver was successfully removed from the queue of waiting receivers. @suppress This is unstable API and it is subject to change." />
      <item value="try Resume Receive" />
      <item value="Lock Free Linked List Head" />
      <item value="describe Try Offer" />
      <item value="offer Internal" />
      <item value="Conflated Channel" />
      <item value="RENDEZVOUS" />
      <item value="remember" />
      <item value="IO Scope Parallelism 1" />
      <item value="Dispatchers" />
      <item value="Supervisor Job" />
      <item value="Scope Coroutine" />
      <item value="Main Scope" />
      <item value="minus Key" />
      <item value="acc" />
      <item value="on Cancel Complete" />
      <item value="Job Support" />
      <item value="worker Allocation Lock" />
      <item value="Incomplete" />
      <item value="Any" />
      <item value="COMPLETING ALREADY" />
      <item value="end Inclusive" />
      <item value="on Forgotten" />
      <item value="on Abandoned" />
      <item value="flag Load" />
      <item value="set Laid Out Cbk" />
      <item value="Kindow" />
      <item value="is Alter" />
    </histories>
    <option name="languageScores">
      <map>
        <entry key="CHINESE" value="2071" />
        <entry key="ENGLISH" value="2072" />
        <entry key="IRISH" value="2" />
        <entry key="ESTONIAN" value="1" />
        <entry key="BASQUE" value="1" />
        <entry key="ICELANDIC" value="1" />
        <entry key="POLISH" value="3" />
        <entry key="AFRIKAANS" value="1" />
        <entry key="DANISH" value="2" />
        <entry key="GERMAN" value="3" />
        <entry key="RUSSIAN" value="1" />
        <entry key="FRENCH" value="6" />
        <entry key="FINNISH" value="2" />
        <entry key="DUTCH" value="6" />
        <entry key="CZECH" value="4" />
        <entry key="LATIN" value="3" />
        <entry key="LITHUANIAN" value="2" />
        <entry key="ROMANIAN" value="6" />
        <entry key="MALTESE" value="2" />
        <entry key="MALAY" value="1" />
        <entry key="NORWEGIAN" value="1" />
        <entry key="PORTUGUESE" value="3" />
        <entry key="JAPANESE" value="3" />
        <entry key="SESOTHO" value="1" />
        <entry key="ESPERANTO" value="1" />
        <entry key="SLOVAK" value="2" />
        <entry key="SLOVENIAN" value="1" />
        <entry key="SOMALI" value="1" />
        <entry key="WELSH" value="1" />
        <entry key="UZBEK" value="2" />
        <entry key="ITALIAN" value="1" />
        <entry key="HINDI" value="1" />
        <entry key="INDONESIAN" value="4" />
        <entry key="VIETNAMESE" value="2" />
      </map>
    </option>
  </component>
  <component name="Cache">
    <option name="lastTrimTime" value="1663927377980" />
  </component>
</application>