<application>
  <component name="FileTypeManager" version="18">
    <extensionMap>
      <mapping pattern="zote" type="Kotlin" />
      <mapping ext="space.kts" type="Kotlin" />
      <mapping ext="gradle.kts" type="Kotlin" />
      <mapping ext="main.kts" type="Kotlin" />
      <mapping pattern="version" type="Native" />
      <mapping pattern="versionControl.gradle" type="Native" />
      <mapping pattern="WV=WindowView" type="PLAIN_TEXT" />
      <mapping pattern="控件描述" type="PLAIN_TEXT" />
      <mapping pattern="描述：双点手势中，第一个点的手势类型。" type="PLAIN_TEXT" />
      <mapping pattern="2" type="PLAIN_TEXT" />
      <mapping pattern="描述：FrameLayout包裹一个子View。" type="PLAIN_TEXT" />
      <mapping pattern="SCD=strokeCornerDrawabel" type="PLAIN_TEXT" />
      <mapping pattern="1" type="PLAIN_TEXT" />
      <mapping pattern="文件夹描述：相当于链表吧，有头有尾。" type="PLAIN_TEXT" />
      <mapping pattern="简单的重要的" type="PLAIN_TEXT" />
      <mapping pattern="20201024-、" type="PLAIN_TEXT" />
      <mapping pattern="gradleLibLink" type="PLAIN_TEXT" />
      <mapping pattern="双点手势中，第二个点的手势类型。" type="PLAIN_TEXT" />
      <mapping pattern="描述：UI控件的参数 对应的键值" type="PLAIN_TEXT" />
      <mapping pattern="testFile" type="PLAIN_TEXT" />
      <mapping pattern="可滑动的网格布局网格布局" type="PLAIN_TEXT" />
      <mapping pattern="202005011" type="PLAIN_TEXT" />
      <mapping pattern="描述：多层键值嵌套。" type="PLAIN_TEXT" />
      <mapping pattern="描述：辅助类" type="PLAIN_TEXT" />
      <mapping pattern="测试时间20201003" type="PLAIN_TEXT" />
      <mapping pattern="说明：FW=FloatWindow" type="PLAIN_TEXT" />
      <mapping pattern="放置UI的栈。" type="PLAIN_TEXT" />
      <mapping pattern="描述：手势-cmd-开启状态，控件。" type="PLAIN_TEXT" />
      <mapping pattern="UI类笔记" type="PLAIN_TEXT" />
      <mapping pattern="RVH=RegionViewHolder" type="PLAIN_TEXT" />
      <mapping pattern="wait：改成StepProgress" type="PLAIN_TEXT" />
      <mapping pattern="已经解决的" type="PLAIN_TEXT" />
      <mapping pattern="重要：显示手势的容器" type="PLAIN_TEXT" />
      <mapping pattern="说明：fws=FloatWindows" type="PLAIN_TEXT" />
      <mapping pattern="FW=FloatWindow" type="PLAIN_TEXT" />
      <mapping pattern="文件夹描述" type="PLAIN_TEXT" />
      <mapping pattern="ui参数保存" type="PLAIN_TEXT" />
      <mapping pattern="附属" type="PLAIN_TEXT" />
      <mapping pattern="说明：OI=OperateInterface" type="PLAIN_TEXT" />
      <mapping pattern="环绕着圆型边缘的进度控件" type="PLAIN_TEXT" />
      <mapping pattern="regionViewItem" type="PLAIN_TEXT" />
      <mapping pattern="jiayou" type="PLAIN_TEXT" />
      <mapping pattern="GSCD" type="PLAIN_TEXT" />
      <mapping pattern="描述：总的操作类。" type="PLAIN_TEXT" />
      <mapping pattern="横向布局-均分矩形" type="PLAIN_TEXT" />
      <mapping pattern="fdfd" type="PLAIN_TEXT" />
      <mapping pattern="Linux重要知识" type="PLAIN_TEXT" />
      <mapping pattern="ing_1" type="PLAIN_TEXT" />
      <mapping pattern="描述：多层键值嵌套，存放数据。" type="PLAIN_TEXT" />
      <mapping pattern="wini=window+mini=迷你窗口" type="PLAIN_TEXT" />
      <mapping pattern="目录备注：测试类的实现类。" type="PLAIN_TEXT" />
      <mapping pattern="module" type="PLAIN_TEXT" />
      <mapping pattern="自定义4个角，哪些角是圆角的drawable.txt" type="PLAIN_TEXT" />
      <mapping pattern="计划" type="PLAIN_TEXT" />
      <mapping pattern="各种类型的cmd" type="PLAIN_TEXT" />
      <mapping pattern="test" type="PLAIN_TEXT" />
      <mapping pattern="辅助控件" type="PLAIN_TEXT" />
      <mapping pattern="一张图片可以显示在view中的任何位置" type="PLAIN_TEXT" />
      <mapping pattern="sample0501" type="PLAIN_TEXT" />
      <mapping pattern="名词解释" type="PLAIN_TEXT" />
      <mapping pattern="描述" type="PLAIN_TEXT" />
      <mapping pattern="最后一次修改时间" type="PLAIN_TEXT" />
      <mapping pattern="描述：UI控件的各项参数，对应的键值" type="PLAIN_TEXT" />
      <mapping pattern="中间-左-右，都可以添加控件" type="PLAIN_TEXT" />
      <mapping pattern="写的不好2020年5月26日" type="PLAIN_TEXT" />
      <mapping pattern="更多点击界面" type="PLAIN_TEXT" />
      <mapping pattern="描述：进度相关的类。" type="PLAIN_TEXT" />
      <mapping pattern="20201024-横向布局-tab描述控件-多个tab控件" type="PLAIN_TEXT" />
      <mapping pattern="横向-套装控件" type="PLAIN_TEXT" />
      <mapping pattern="类型：辅助控件" type="PLAIN_TEXT" />
      <mapping pattern="HP=helper.txt" type="PLAIN_TEXT" />
      <mapping pattern="iway = ideaWay = 思路" type="PLAIN_TEXT" />
      <mapping pattern="ISCD" type="PLAIN_TEXT" />
      <mapping pattern="back20200501" type="PLAIN_TEXT" />
      <mapping pattern="描述：设计模式相关" type="PLAIN_TEXT" />
      <mapping pattern="写的不好2020年5月26日22:55:30" type="PLAIN_TEXT" />
      <mapping pattern="描述：容器控件的子控件" type="PLAIN_TEXT" />
      <mapping pattern="子文件1" type="PLAIN_TEXT" />
      <mapping pattern="说明：MFW=MenuFloatWindow" type="PLAIN_TEXT" />
      <mapping pattern="说明：WV=WindowView" type="PLAIN_TEXT" />
      <mapping pattern="各种颜色选择器。" type="PLAIN_TEXT" />
      <mapping pattern="描述：布局管理类。" type="PLAIN_TEXT" />
      <mapping pattern="将各种app显示在容器中" type="PLAIN_TEXT" />
      <mapping pattern="说明：WS=WindowScene" type="PLAIN_TEXT" />
      <mapping pattern="55" type="PLAIN_TEXT" />
      <mapping pattern="单选容器，之中都是文本控件。" type="PLAIN_TEXT" />
      <mapping pattern="ozhen" type="PLAIN_TEXT" />
      <mapping pattern="经典手势界面" type="PLAIN_TEXT" />
      <mapping pattern="e" type="PLAIN_TEXT" />
      <mapping pattern="重要：app的主界面" type="PLAIN_TEXT" />
      <mapping pattern="描述：手势触发的命令。" type="PLAIN_TEXT" />
      <mapping pattern="forProductField" type="PLAIN_TEXT" />
      <mapping pattern="颜色选择器" type="PLAIN_TEXT" />
      <mapping pattern="o11" type="PLAIN_TEXT" />
      <mapping pattern="e1" type="PLAIN_TEXT" />
      <mapping pattern="WS=WindowScene" type="PLAIN_TEXT" />
      <mapping pattern="描述：双点手势中，第二个点的手势类型。" type="PLAIN_TEXT" />
      <mapping pattern="选择cmd的界面" type="PLAIN_TEXT" />
      <mapping pattern="jiayou2" type="PLAIN_TEXT" />
      <mapping pattern="主界面的窗口和根控件。" type="PLAIN_TEXT" />
      <mapping ext="processor" type="PLAIN_TEXT" />
      <mapping ext="lock" type="PLAIN_TEXT" />
      <mapping ext="arsc" type="PLAIN_TEXT" />
      <mapping ext="backup" type="PLAIN_TEXT" />
      <mapping ext="rsa" type="PLAIN_TEXT" />
      <removed_mapping ext="apk" approved="true" type="ARCHIVE" />
      <removed_mapping ext="psd" approved="true" type="Image" />
    </extensionMap>
  </component>
</application>