<application>
  <component name="ProjectJdkTable">
    <jdk version="2">
      <name value="Kotlin SDK" />
      <type value="KotlinSDK" />
      <version value="1.3.50" />
      <homePath value="H:\Program Files\Android\AndroidStudio\plugins\Kotlin\kotlinc" />
      <roots>
        <annotationsPath>
          <root type="composite" />
        </annotationsPath>
        <classPath>
          <root type="composite" />
        </classPath>
        <javadocPath>
          <root type="composite" />
        </javadocPath>
        <sourcePath>
          <root type="composite" />
        </sourcePath>
      </roots>
      <additional />
    </jdk>
    <jdk version="2">
      <name value="Embedded JDK" />
      <type value="JavaSDK" />
      <version value="version 11.0.13" />
      <homePath value="$APPLICATION_HOME_DIR$/jre" />
      <roots>
        <annotationsPath>
          <root type="composite">
            <root url="jar://$APPLICATION_HOME_DIR$/plugins/java/lib/jdkAnnotations.jar!/" type="simple" />
          </root>
        </annotationsPath>
        <classPath>
          <root type="composite">
            <root url="jrt:///mnt/disks/E/ProgramJob/android-studio-preview/jre!/gluegen.rt" type="simple" />
            <root url="jrt:///mnt/disks/E/ProgramJob/android-studio-preview/jre!/java.base" type="simple" />
            <root url="jrt:///mnt/disks/E/ProgramJob/android-studio-preview/jre!/java.compiler" type="simple" />
            <root url="jrt:///mnt/disks/E/ProgramJob/android-studio-preview/jre!/java.datatransfer" type="simple" />
            <root url="jrt:///mnt/disks/E/ProgramJob/android-studio-preview/jre!/java.desktop" type="simple" />
            <root url="jrt:///mnt/disks/E/ProgramJob/android-studio-preview/jre!/java.instrument" type="simple" />
            <root url="jrt:///mnt/disks/E/ProgramJob/android-studio-preview/jre!/java.logging" type="simple" />
            <root url="jrt:///mnt/disks/E/ProgramJob/android-studio-preview/jre!/java.management" type="simple" />
            <root url="jrt:///mnt/disks/E/ProgramJob/android-studio-preview/jre!/java.management.rmi" type="simple" />
            <root url="jrt:///mnt/disks/E/ProgramJob/android-studio-preview/jre!/java.naming" type="simple" />
            <root url="jrt:///mnt/disks/E/ProgramJob/android-studio-preview/jre!/java.net.http" type="simple" />
            <root url="jrt:///mnt/disks/E/ProgramJob/android-studio-preview/jre!/java.prefs" type="simple" />
            <root url="jrt:///mnt/disks/E/ProgramJob/android-studio-preview/jre!/java.rmi" type="simple" />
            <root url="jrt:///mnt/disks/E/ProgramJob/android-studio-preview/jre!/java.scripting" type="simple" />
            <root url="jrt:///mnt/disks/E/ProgramJob/android-studio-preview/jre!/java.se" type="simple" />
            <root url="jrt:///mnt/disks/E/ProgramJob/android-studio-preview/jre!/java.security.jgss" type="simple" />
            <root url="jrt:///mnt/disks/E/ProgramJob/android-studio-preview/jre!/java.security.sasl" type="simple" />
            <root url="jrt:///mnt/disks/E/ProgramJob/android-studio-preview/jre!/java.smartcardio" type="simple" />
            <root url="jrt:///mnt/disks/E/ProgramJob/android-studio-preview/jre!/java.sql" type="simple" />
            <root url="jrt:///mnt/disks/E/ProgramJob/android-studio-preview/jre!/java.sql.rowset" type="simple" />
            <root url="jrt:///mnt/disks/E/ProgramJob/android-studio-preview/jre!/java.transaction.xa" type="simple" />
            <root url="jrt:///mnt/disks/E/ProgramJob/android-studio-preview/jre!/java.xml" type="simple" />
            <root url="jrt:///mnt/disks/E/ProgramJob/android-studio-preview/jre!/java.xml.crypto" type="simple" />
            <root url="jrt:///mnt/disks/E/ProgramJob/android-studio-preview/jre!/jcef" type="simple" />
            <root url="jrt:///mnt/disks/E/ProgramJob/android-studio-preview/jre!/jdk.accessibility" type="simple" />
            <root url="jrt:///mnt/disks/E/ProgramJob/android-studio-preview/jre!/jdk.aot" type="simple" />
            <root url="jrt:///mnt/disks/E/ProgramJob/android-studio-preview/jre!/jdk.attach" type="simple" />
            <root url="jrt:///mnt/disks/E/ProgramJob/android-studio-preview/jre!/jdk.charsets" type="simple" />
            <root url="jrt:///mnt/disks/E/ProgramJob/android-studio-preview/jre!/jdk.compiler" type="simple" />
            <root url="jrt:///mnt/disks/E/ProgramJob/android-studio-preview/jre!/jdk.crypto.cryptoki" type="simple" />
            <root url="jrt:///mnt/disks/E/ProgramJob/android-studio-preview/jre!/jdk.crypto.ec" type="simple" />
            <root url="jrt:///mnt/disks/E/ProgramJob/android-studio-preview/jre!/jdk.dynalink" type="simple" />
            <root url="jrt:///mnt/disks/E/ProgramJob/android-studio-preview/jre!/jdk.hotspot.agent" type="simple" />
            <root url="jrt:///mnt/disks/E/ProgramJob/android-studio-preview/jre!/jdk.httpserver" type="simple" />
            <root url="jrt:///mnt/disks/E/ProgramJob/android-studio-preview/jre!/jdk.internal.ed" type="simple" />
            <root url="jrt:///mnt/disks/E/ProgramJob/android-studio-preview/jre!/jdk.internal.jvmstat" type="simple" />
            <root url="jrt:///mnt/disks/E/ProgramJob/android-studio-preview/jre!/jdk.internal.le" type="simple" />
            <root url="jrt:///mnt/disks/E/ProgramJob/android-studio-preview/jre!/jdk.internal.vm.ci" type="simple" />
            <root url="jrt:///mnt/disks/E/ProgramJob/android-studio-preview/jre!/jdk.internal.vm.compiler" type="simple" />
            <root url="jrt:///mnt/disks/E/ProgramJob/android-studio-preview/jre!/jdk.internal.vm.compiler.management" type="simple" />
            <root url="jrt:///mnt/disks/E/ProgramJob/android-studio-preview/jre!/jdk.jcmd" type="simple" />
            <root url="jrt:///mnt/disks/E/ProgramJob/android-studio-preview/jre!/jdk.jdi" type="simple" />
            <root url="jrt:///mnt/disks/E/ProgramJob/android-studio-preview/jre!/jdk.jdwp.agent" type="simple" />
            <root url="jrt:///mnt/disks/E/ProgramJob/android-studio-preview/jre!/jdk.jfr" type="simple" />
            <root url="jrt:///mnt/disks/E/ProgramJob/android-studio-preview/jre!/jdk.jsobject" type="simple" />
            <root url="jrt:///mnt/disks/E/ProgramJob/android-studio-preview/jre!/jdk.localedata" type="simple" />
            <root url="jrt:///mnt/disks/E/ProgramJob/android-studio-preview/jre!/jdk.management" type="simple" />
            <root url="jrt:///mnt/disks/E/ProgramJob/android-studio-preview/jre!/jdk.management.agent" type="simple" />
            <root url="jrt:///mnt/disks/E/ProgramJob/android-studio-preview/jre!/jdk.management.jfr" type="simple" />
            <root url="jrt:///mnt/disks/E/ProgramJob/android-studio-preview/jre!/jdk.naming.dns" type="simple" />
            <root url="jrt:///mnt/disks/E/ProgramJob/android-studio-preview/jre!/jdk.naming.rmi" type="simple" />
            <root url="jrt:///mnt/disks/E/ProgramJob/android-studio-preview/jre!/jdk.net" type="simple" />
            <root url="jrt:///mnt/disks/E/ProgramJob/android-studio-preview/jre!/jdk.pack" type="simple" />
            <root url="jrt:///mnt/disks/E/ProgramJob/android-studio-preview/jre!/jdk.scripting.nashorn" type="simple" />
            <root url="jrt:///mnt/disks/E/ProgramJob/android-studio-preview/jre!/jdk.scripting.nashorn.shell" type="simple" />
            <root url="jrt:///mnt/disks/E/ProgramJob/android-studio-preview/jre!/jdk.sctp" type="simple" />
            <root url="jrt:///mnt/disks/E/ProgramJob/android-studio-preview/jre!/jdk.security.auth" type="simple" />
            <root url="jrt:///mnt/disks/E/ProgramJob/android-studio-preview/jre!/jdk.security.jgss" type="simple" />
            <root url="jrt:///mnt/disks/E/ProgramJob/android-studio-preview/jre!/jdk.unsupported" type="simple" />
            <root url="jrt:///mnt/disks/E/ProgramJob/android-studio-preview/jre!/jdk.unsupported.desktop" type="simple" />
            <root url="jrt:///mnt/disks/E/ProgramJob/android-studio-preview/jre!/jdk.xml.dom" type="simple" />
            <root url="jrt:///mnt/disks/E/ProgramJob/android-studio-preview/jre!/jdk.zipfs" type="simple" />
            <root url="jrt:///mnt/disks/E/ProgramJob/android-studio-preview/jre!/jogl.all" type="simple" />
          </root>
        </classPath>
        <javadocPath>
          <root type="composite" />
        </javadocPath>
        <sourcePath>
          <root type="composite" />
        </sourcePath>
      </roots>
      <additional />
    </jdk>
    <jdk version="2">
      <name value="Android Studio default JDK" />
      <type value="JavaSDK" />
      <version value="version 11.0.13" />
      <homePath value="$APPLICATION_HOME_DIR$/jre" />
      <roots>
        <annotationsPath>
          <root type="composite">
            <root url="jar://$APPLICATION_HOME_DIR$/plugins/java/lib/jdkAnnotations.jar!/" type="simple" />
          </root>
        </annotationsPath>
        <classPath>
          <root type="composite">
            <root url="jrt:///mnt/disks/E/ProgramJob/android-studio-preview/jre!/gluegen.rt" type="simple" />
            <root url="jrt:///mnt/disks/E/ProgramJob/android-studio-preview/jre!/java.base" type="simple" />
            <root url="jrt:///mnt/disks/E/ProgramJob/android-studio-preview/jre!/java.compiler" type="simple" />
            <root url="jrt:///mnt/disks/E/ProgramJob/android-studio-preview/jre!/java.datatransfer" type="simple" />
            <root url="jrt:///mnt/disks/E/ProgramJob/android-studio-preview/jre!/java.desktop" type="simple" />
            <root url="jrt:///mnt/disks/E/ProgramJob/android-studio-preview/jre!/java.instrument" type="simple" />
            <root url="jrt:///mnt/disks/E/ProgramJob/android-studio-preview/jre!/java.logging" type="simple" />
            <root url="jrt:///mnt/disks/E/ProgramJob/android-studio-preview/jre!/java.management" type="simple" />
            <root url="jrt:///mnt/disks/E/ProgramJob/android-studio-preview/jre!/java.management.rmi" type="simple" />
            <root url="jrt:///mnt/disks/E/ProgramJob/android-studio-preview/jre!/java.naming" type="simple" />
            <root url="jrt:///mnt/disks/E/ProgramJob/android-studio-preview/jre!/java.net.http" type="simple" />
            <root url="jrt:///mnt/disks/E/ProgramJob/android-studio-preview/jre!/java.prefs" type="simple" />
            <root url="jrt:///mnt/disks/E/ProgramJob/android-studio-preview/jre!/java.rmi" type="simple" />
            <root url="jrt:///mnt/disks/E/ProgramJob/android-studio-preview/jre!/java.scripting" type="simple" />
            <root url="jrt:///mnt/disks/E/ProgramJob/android-studio-preview/jre!/java.se" type="simple" />
            <root url="jrt:///mnt/disks/E/ProgramJob/android-studio-preview/jre!/java.security.jgss" type="simple" />
            <root url="jrt:///mnt/disks/E/ProgramJob/android-studio-preview/jre!/java.security.sasl" type="simple" />
            <root url="jrt:///mnt/disks/E/ProgramJob/android-studio-preview/jre!/java.smartcardio" type="simple" />
            <root url="jrt:///mnt/disks/E/ProgramJob/android-studio-preview/jre!/java.sql" type="simple" />
            <root url="jrt:///mnt/disks/E/ProgramJob/android-studio-preview/jre!/java.sql.rowset" type="simple" />
            <root url="jrt:///mnt/disks/E/ProgramJob/android-studio-preview/jre!/java.transaction.xa" type="simple" />
            <root url="jrt:///mnt/disks/E/ProgramJob/android-studio-preview/jre!/java.xml" type="simple" />
            <root url="jrt:///mnt/disks/E/ProgramJob/android-studio-preview/jre!/java.xml.crypto" type="simple" />
            <root url="jrt:///mnt/disks/E/ProgramJob/android-studio-preview/jre!/jcef" type="simple" />
            <root url="jrt:///mnt/disks/E/ProgramJob/android-studio-preview/jre!/jdk.accessibility" type="simple" />
            <root url="jrt:///mnt/disks/E/ProgramJob/android-studio-preview/jre!/jdk.aot" type="simple" />
            <root url="jrt:///mnt/disks/E/ProgramJob/android-studio-preview/jre!/jdk.attach" type="simple" />
            <root url="jrt:///mnt/disks/E/ProgramJob/android-studio-preview/jre!/jdk.charsets" type="simple" />
            <root url="jrt:///mnt/disks/E/ProgramJob/android-studio-preview/jre!/jdk.compiler" type="simple" />
            <root url="jrt:///mnt/disks/E/ProgramJob/android-studio-preview/jre!/jdk.crypto.cryptoki" type="simple" />
            <root url="jrt:///mnt/disks/E/ProgramJob/android-studio-preview/jre!/jdk.crypto.ec" type="simple" />
            <root url="jrt:///mnt/disks/E/ProgramJob/android-studio-preview/jre!/jdk.dynalink" type="simple" />
            <root url="jrt:///mnt/disks/E/ProgramJob/android-studio-preview/jre!/jdk.hotspot.agent" type="simple" />
            <root url="jrt:///mnt/disks/E/ProgramJob/android-studio-preview/jre!/jdk.httpserver" type="simple" />
            <root url="jrt:///mnt/disks/E/ProgramJob/android-studio-preview/jre!/jdk.internal.ed" type="simple" />
            <root url="jrt:///mnt/disks/E/ProgramJob/android-studio-preview/jre!/jdk.internal.jvmstat" type="simple" />
            <root url="jrt:///mnt/disks/E/ProgramJob/android-studio-preview/jre!/jdk.internal.le" type="simple" />
            <root url="jrt:///mnt/disks/E/ProgramJob/android-studio-preview/jre!/jdk.internal.vm.ci" type="simple" />
            <root url="jrt:///mnt/disks/E/ProgramJob/android-studio-preview/jre!/jdk.internal.vm.compiler" type="simple" />
            <root url="jrt:///mnt/disks/E/ProgramJob/android-studio-preview/jre!/jdk.internal.vm.compiler.management" type="simple" />
            <root url="jrt:///mnt/disks/E/ProgramJob/android-studio-preview/jre!/jdk.jcmd" type="simple" />
            <root url="jrt:///mnt/disks/E/ProgramJob/android-studio-preview/jre!/jdk.jdi" type="simple" />
            <root url="jrt:///mnt/disks/E/ProgramJob/android-studio-preview/jre!/jdk.jdwp.agent" type="simple" />
            <root url="jrt:///mnt/disks/E/ProgramJob/android-studio-preview/jre!/jdk.jfr" type="simple" />
            <root url="jrt:///mnt/disks/E/ProgramJob/android-studio-preview/jre!/jdk.jsobject" type="simple" />
            <root url="jrt:///mnt/disks/E/ProgramJob/android-studio-preview/jre!/jdk.localedata" type="simple" />
            <root url="jrt:///mnt/disks/E/ProgramJob/android-studio-preview/jre!/jdk.management" type="simple" />
            <root url="jrt:///mnt/disks/E/ProgramJob/android-studio-preview/jre!/jdk.management.agent" type="simple" />
            <root url="jrt:///mnt/disks/E/ProgramJob/android-studio-preview/jre!/jdk.management.jfr" type="simple" />
            <root url="jrt:///mnt/disks/E/ProgramJob/android-studio-preview/jre!/jdk.naming.dns" type="simple" />
            <root url="jrt:///mnt/disks/E/ProgramJob/android-studio-preview/jre!/jdk.naming.rmi" type="simple" />
            <root url="jrt:///mnt/disks/E/ProgramJob/android-studio-preview/jre!/jdk.net" type="simple" />
            <root url="jrt:///mnt/disks/E/ProgramJob/android-studio-preview/jre!/jdk.pack" type="simple" />
            <root url="jrt:///mnt/disks/E/ProgramJob/android-studio-preview/jre!/jdk.scripting.nashorn" type="simple" />
            <root url="jrt:///mnt/disks/E/ProgramJob/android-studio-preview/jre!/jdk.scripting.nashorn.shell" type="simple" />
            <root url="jrt:///mnt/disks/E/ProgramJob/android-studio-preview/jre!/jdk.sctp" type="simple" />
            <root url="jrt:///mnt/disks/E/ProgramJob/android-studio-preview/jre!/jdk.security.auth" type="simple" />
            <root url="jrt:///mnt/disks/E/ProgramJob/android-studio-preview/jre!/jdk.security.jgss" type="simple" />
            <root url="jrt:///mnt/disks/E/ProgramJob/android-studio-preview/jre!/jdk.unsupported" type="simple" />
            <root url="jrt:///mnt/disks/E/ProgramJob/android-studio-preview/jre!/jdk.unsupported.desktop" type="simple" />
            <root url="jrt:///mnt/disks/E/ProgramJob/android-studio-preview/jre!/jdk.xml.dom" type="simple" />
            <root url="jrt:///mnt/disks/E/ProgramJob/android-studio-preview/jre!/jdk.zipfs" type="simple" />
            <root url="jrt:///mnt/disks/E/ProgramJob/android-studio-preview/jre!/jogl.all" type="simple" />
          </root>
        </classPath>
        <javadocPath>
          <root type="composite" />
        </javadocPath>
        <sourcePath>
          <root type="composite" />
        </sourcePath>
      </roots>
      <additional />
    </jdk>
    <jdk version="2">
      <name value="11" />
      <type value="JavaSDK" />
      <version value="version 11" />
      <homePath value="$USER_HOME$/.jdks/jdk-11" />
      <roots>
        <annotationsPath>
          <root type="composite">
            <root url="jar://$APPLICATION_HOME_DIR$/plugins/java/lib/jdkAnnotations.jar!/" type="simple" />
          </root>
        </annotationsPath>
        <classPath>
          <root type="composite">
            <root url="jrt://C:/Users/Wang/.jdks/jdk-11!/java.base" type="simple" />
            <root url="jrt://C:/Users/Wang/.jdks/jdk-11!/java.compiler" type="simple" />
            <root url="jrt://C:/Users/Wang/.jdks/jdk-11!/java.datatransfer" type="simple" />
            <root url="jrt://C:/Users/Wang/.jdks/jdk-11!/java.desktop" type="simple" />
            <root url="jrt://C:/Users/Wang/.jdks/jdk-11!/java.instrument" type="simple" />
            <root url="jrt://C:/Users/Wang/.jdks/jdk-11!/java.logging" type="simple" />
            <root url="jrt://C:/Users/Wang/.jdks/jdk-11!/java.management" type="simple" />
            <root url="jrt://C:/Users/Wang/.jdks/jdk-11!/java.management.rmi" type="simple" />
            <root url="jrt://C:/Users/Wang/.jdks/jdk-11!/java.naming" type="simple" />
            <root url="jrt://C:/Users/Wang/.jdks/jdk-11!/java.net.http" type="simple" />
            <root url="jrt://C:/Users/Wang/.jdks/jdk-11!/java.prefs" type="simple" />
            <root url="jrt://C:/Users/Wang/.jdks/jdk-11!/java.rmi" type="simple" />
            <root url="jrt://C:/Users/Wang/.jdks/jdk-11!/java.scripting" type="simple" />
            <root url="jrt://C:/Users/Wang/.jdks/jdk-11!/java.se" type="simple" />
            <root url="jrt://C:/Users/Wang/.jdks/jdk-11!/java.security.jgss" type="simple" />
            <root url="jrt://C:/Users/Wang/.jdks/jdk-11!/java.security.sasl" type="simple" />
            <root url="jrt://C:/Users/Wang/.jdks/jdk-11!/java.smartcardio" type="simple" />
            <root url="jrt://C:/Users/Wang/.jdks/jdk-11!/java.sql" type="simple" />
            <root url="jrt://C:/Users/Wang/.jdks/jdk-11!/java.sql.rowset" type="simple" />
            <root url="jrt://C:/Users/Wang/.jdks/jdk-11!/java.transaction.xa" type="simple" />
            <root url="jrt://C:/Users/Wang/.jdks/jdk-11!/java.xml" type="simple" />
            <root url="jrt://C:/Users/Wang/.jdks/jdk-11!/java.xml.crypto" type="simple" />
            <root url="jrt://C:/Users/Wang/.jdks/jdk-11!/jdk.accessibility" type="simple" />
            <root url="jrt://C:/Users/Wang/.jdks/jdk-11!/jdk.aot" type="simple" />
            <root url="jrt://C:/Users/Wang/.jdks/jdk-11!/jdk.attach" type="simple" />
            <root url="jrt://C:/Users/Wang/.jdks/jdk-11!/jdk.charsets" type="simple" />
            <root url="jrt://C:/Users/Wang/.jdks/jdk-11!/jdk.compiler" type="simple" />
            <root url="jrt://C:/Users/Wang/.jdks/jdk-11!/jdk.crypto.cryptoki" type="simple" />
            <root url="jrt://C:/Users/Wang/.jdks/jdk-11!/jdk.crypto.ec" type="simple" />
            <root url="jrt://C:/Users/Wang/.jdks/jdk-11!/jdk.crypto.mscapi" type="simple" />
            <root url="jrt://C:/Users/Wang/.jdks/jdk-11!/jdk.dynalink" type="simple" />
            <root url="jrt://C:/Users/Wang/.jdks/jdk-11!/jdk.editpad" type="simple" />
            <root url="jrt://C:/Users/Wang/.jdks/jdk-11!/jdk.hotspot.agent" type="simple" />
            <root url="jrt://C:/Users/Wang/.jdks/jdk-11!/jdk.httpserver" type="simple" />
            <root url="jrt://C:/Users/Wang/.jdks/jdk-11!/jdk.internal.ed" type="simple" />
            <root url="jrt://C:/Users/Wang/.jdks/jdk-11!/jdk.internal.jvmstat" type="simple" />
            <root url="jrt://C:/Users/Wang/.jdks/jdk-11!/jdk.internal.le" type="simple" />
            <root url="jrt://C:/Users/Wang/.jdks/jdk-11!/jdk.internal.opt" type="simple" />
            <root url="jrt://C:/Users/Wang/.jdks/jdk-11!/jdk.internal.vm.ci" type="simple" />
            <root url="jrt://C:/Users/Wang/.jdks/jdk-11!/jdk.internal.vm.compiler" type="simple" />
            <root url="jrt://C:/Users/Wang/.jdks/jdk-11!/jdk.internal.vm.compiler.management" type="simple" />
            <root url="jrt://C:/Users/Wang/.jdks/jdk-11!/jdk.jartool" type="simple" />
            <root url="jrt://C:/Users/Wang/.jdks/jdk-11!/jdk.javadoc" type="simple" />
            <root url="jrt://C:/Users/Wang/.jdks/jdk-11!/jdk.jcmd" type="simple" />
            <root url="jrt://C:/Users/Wang/.jdks/jdk-11!/jdk.jconsole" type="simple" />
            <root url="jrt://C:/Users/Wang/.jdks/jdk-11!/jdk.jdeps" type="simple" />
            <root url="jrt://C:/Users/Wang/.jdks/jdk-11!/jdk.jdi" type="simple" />
            <root url="jrt://C:/Users/Wang/.jdks/jdk-11!/jdk.jdwp.agent" type="simple" />
            <root url="jrt://C:/Users/Wang/.jdks/jdk-11!/jdk.jfr" type="simple" />
            <root url="jrt://C:/Users/Wang/.jdks/jdk-11!/jdk.jlink" type="simple" />
            <root url="jrt://C:/Users/Wang/.jdks/jdk-11!/jdk.jshell" type="simple" />
            <root url="jrt://C:/Users/Wang/.jdks/jdk-11!/jdk.jsobject" type="simple" />
            <root url="jrt://C:/Users/Wang/.jdks/jdk-11!/jdk.jstatd" type="simple" />
            <root url="jrt://C:/Users/Wang/.jdks/jdk-11!/jdk.localedata" type="simple" />
            <root url="jrt://C:/Users/Wang/.jdks/jdk-11!/jdk.management" type="simple" />
            <root url="jrt://C:/Users/Wang/.jdks/jdk-11!/jdk.management.agent" type="simple" />
            <root url="jrt://C:/Users/Wang/.jdks/jdk-11!/jdk.management.jfr" type="simple" />
            <root url="jrt://C:/Users/Wang/.jdks/jdk-11!/jdk.naming.dns" type="simple" />
            <root url="jrt://C:/Users/Wang/.jdks/jdk-11!/jdk.naming.rmi" type="simple" />
            <root url="jrt://C:/Users/Wang/.jdks/jdk-11!/jdk.net" type="simple" />
            <root url="jrt://C:/Users/Wang/.jdks/jdk-11!/jdk.pack" type="simple" />
            <root url="jrt://C:/Users/Wang/.jdks/jdk-11!/jdk.rmic" type="simple" />
            <root url="jrt://C:/Users/Wang/.jdks/jdk-11!/jdk.scripting.nashorn" type="simple" />
            <root url="jrt://C:/Users/Wang/.jdks/jdk-11!/jdk.scripting.nashorn.shell" type="simple" />
            <root url="jrt://C:/Users/Wang/.jdks/jdk-11!/jdk.sctp" type="simple" />
            <root url="jrt://C:/Users/Wang/.jdks/jdk-11!/jdk.security.auth" type="simple" />
            <root url="jrt://C:/Users/Wang/.jdks/jdk-11!/jdk.security.jgss" type="simple" />
            <root url="jrt://C:/Users/Wang/.jdks/jdk-11!/jdk.unsupported" type="simple" />
            <root url="jrt://C:/Users/Wang/.jdks/jdk-11!/jdk.unsupported.desktop" type="simple" />
            <root url="jrt://C:/Users/Wang/.jdks/jdk-11!/jdk.xml.dom" type="simple" />
            <root url="jrt://C:/Users/Wang/.jdks/jdk-11!/jdk.zipfs" type="simple" />
          </root>
        </classPath>
        <javadocPath>
          <root type="composite" />
        </javadocPath>
        <sourcePath>
          <root type="composite">
            <root url="jar://$USER_HOME$/.jdks/jdk-11/lib/src.zip!/java.se" type="simple" />
            <root url="jar://$USER_HOME$/.jdks/jdk-11/lib/src.zip!/jdk.aot" type="simple" />
            <root url="jar://$USER_HOME$/.jdks/jdk-11/lib/src.zip!/jdk.jdi" type="simple" />
            <root url="jar://$USER_HOME$/.jdks/jdk-11/lib/src.zip!/jdk.jfr" type="simple" />
            <root url="jar://$USER_HOME$/.jdks/jdk-11/lib/src.zip!/jdk.net" type="simple" />
            <root url="jar://$USER_HOME$/.jdks/jdk-11/lib/src.zip!/java.rmi" type="simple" />
            <root url="jar://$USER_HOME$/.jdks/jdk-11/lib/src.zip!/java.sql" type="simple" />
            <root url="jar://$USER_HOME$/.jdks/jdk-11/lib/src.zip!/java.xml" type="simple" />
            <root url="jar://$USER_HOME$/.jdks/jdk-11/lib/src.zip!/jdk.jcmd" type="simple" />
            <root url="jar://$USER_HOME$/.jdks/jdk-11/lib/src.zip!/jdk.pack" type="simple" />
            <root url="jar://$USER_HOME$/.jdks/jdk-11/lib/src.zip!/jdk.rmic" type="simple" />
            <root url="jar://$USER_HOME$/.jdks/jdk-11/lib/src.zip!/jdk.sctp" type="simple" />
            <root url="jar://$USER_HOME$/.jdks/jdk-11/lib/src.zip!/java.base" type="simple" />
            <root url="jar://$USER_HOME$/.jdks/jdk-11/lib/src.zip!/jdk.jdeps" type="simple" />
            <root url="jar://$USER_HOME$/.jdks/jdk-11/lib/src.zip!/jdk.jlink" type="simple" />
            <root url="jar://$USER_HOME$/.jdks/jdk-11/lib/src.zip!/jdk.zipfs" type="simple" />
            <root url="jar://$USER_HOME$/.jdks/jdk-11/lib/src.zip!/java.prefs" type="simple" />
            <root url="jar://$USER_HOME$/.jdks/jdk-11/lib/src.zip!/jdk.attach" type="simple" />
            <root url="jar://$USER_HOME$/.jdks/jdk-11/lib/src.zip!/jdk.jshell" type="simple" />
            <root url="jar://$USER_HOME$/.jdks/jdk-11/lib/src.zip!/jdk.jstatd" type="simple" />
            <root url="jar://$USER_HOME$/.jdks/jdk-11/lib/src.zip!/java.naming" type="simple" />
            <root url="jar://$USER_HOME$/.jdks/jdk-11/lib/src.zip!/jdk.editpad" type="simple" />
            <root url="jar://$USER_HOME$/.jdks/jdk-11/lib/src.zip!/jdk.jartool" type="simple" />
            <root url="jar://$USER_HOME$/.jdks/jdk-11/lib/src.zip!/jdk.javadoc" type="simple" />
            <root url="jar://$USER_HOME$/.jdks/jdk-11/lib/src.zip!/jdk.xml.dom" type="simple" />
            <root url="jar://$USER_HOME$/.jdks/jdk-11/lib/src.zip!/java.desktop" type="simple" />
            <root url="jar://$USER_HOME$/.jdks/jdk-11/lib/src.zip!/java.logging" type="simple" />
            <root url="jar://$USER_HOME$/.jdks/jdk-11/lib/src.zip!/jdk.charsets" type="simple" />
            <root url="jar://$USER_HOME$/.jdks/jdk-11/lib/src.zip!/jdk.compiler" type="simple" />
            <root url="jar://$USER_HOME$/.jdks/jdk-11/lib/src.zip!/jdk.dynalink" type="simple" />
            <root url="jar://$USER_HOME$/.jdks/jdk-11/lib/src.zip!/jdk.jconsole" type="simple" />
            <root url="jar://$USER_HOME$/.jdks/jdk-11/lib/src.zip!/jdk.jsobject" type="simple" />
            <root url="jar://$USER_HOME$/.jdks/jdk-11/lib/src.zip!/java.compiler" type="simple" />
            <root url="jar://$USER_HOME$/.jdks/jdk-11/lib/src.zip!/java.net.http" type="simple" />
            <root url="jar://$USER_HOME$/.jdks/jdk-11/lib/src.zip!/jdk.crypto.ec" type="simple" />
            <root url="jar://$USER_HOME$/.jdks/jdk-11/lib/src.zip!/java.scripting" type="simple" />
            <root url="jar://$USER_HOME$/.jdks/jdk-11/lib/src.zip!/jdk.httpserver" type="simple" />
            <root url="jar://$USER_HOME$/.jdks/jdk-11/lib/src.zip!/jdk.jdwp.agent" type="simple" />
            <root url="jar://$USER_HOME$/.jdks/jdk-11/lib/src.zip!/jdk.localedata" type="simple" />
            <root url="jar://$USER_HOME$/.jdks/jdk-11/lib/src.zip!/jdk.management" type="simple" />
            <root url="jar://$USER_HOME$/.jdks/jdk-11/lib/src.zip!/jdk.naming.dns" type="simple" />
            <root url="jar://$USER_HOME$/.jdks/jdk-11/lib/src.zip!/jdk.naming.rmi" type="simple" />
            <root url="jar://$USER_HOME$/.jdks/jdk-11/lib/src.zip!/java.instrument" type="simple" />
            <root url="jar://$USER_HOME$/.jdks/jdk-11/lib/src.zip!/java.management" type="simple" />
            <root url="jar://$USER_HOME$/.jdks/jdk-11/lib/src.zip!/java.sql.rowset" type="simple" />
            <root url="jar://$USER_HOME$/.jdks/jdk-11/lib/src.zip!/java.xml.crypto" type="simple" />
            <root url="jar://$USER_HOME$/.jdks/jdk-11/lib/src.zip!/jdk.internal.ed" type="simple" />
            <root url="jar://$USER_HOME$/.jdks/jdk-11/lib/src.zip!/jdk.internal.le" type="simple" />
            <root url="jar://$USER_HOME$/.jdks/jdk-11/lib/src.zip!/jdk.unsupported" type="simple" />
            <root url="jar://$USER_HOME$/.jdks/jdk-11/lib/src.zip!/java.smartcardio" type="simple" />
            <root url="jar://$USER_HOME$/.jdks/jdk-11/lib/src.zip!/jdk.internal.opt" type="simple" />
            <root url="jar://$USER_HOME$/.jdks/jdk-11/lib/src.zip!/java.datatransfer" type="simple" />
            <root url="jar://$USER_HOME$/.jdks/jdk-11/lib/src.zip!/jdk.accessibility" type="simple" />
            <root url="jar://$USER_HOME$/.jdks/jdk-11/lib/src.zip!/jdk.crypto.mscapi" type="simple" />
            <root url="jar://$USER_HOME$/.jdks/jdk-11/lib/src.zip!/jdk.hotspot.agent" type="simple" />
            <root url="jar://$USER_HOME$/.jdks/jdk-11/lib/src.zip!/jdk.security.auth" type="simple" />
            <root url="jar://$USER_HOME$/.jdks/jdk-11/lib/src.zip!/jdk.security.jgss" type="simple" />
            <root url="jar://$USER_HOME$/.jdks/jdk-11/lib/src.zip!/java.security.jgss" type="simple" />
            <root url="jar://$USER_HOME$/.jdks/jdk-11/lib/src.zip!/java.security.sasl" type="simple" />
            <root url="jar://$USER_HOME$/.jdks/jdk-11/lib/src.zip!/jdk.internal.vm.ci" type="simple" />
            <root url="jar://$USER_HOME$/.jdks/jdk-11/lib/src.zip!/jdk.management.jfr" type="simple" />
            <root url="jar://$USER_HOME$/.jdks/jdk-11/lib/src.zip!/java.management.rmi" type="simple" />
            <root url="jar://$USER_HOME$/.jdks/jdk-11/lib/src.zip!/java.transaction.xa" type="simple" />
            <root url="jar://$USER_HOME$/.jdks/jdk-11/lib/src.zip!/jdk.crypto.cryptoki" type="simple" />
            <root url="jar://$USER_HOME$/.jdks/jdk-11/lib/src.zip!/jdk.internal.jvmstat" type="simple" />
            <root url="jar://$USER_HOME$/.jdks/jdk-11/lib/src.zip!/jdk.management.agent" type="simple" />
            <root url="jar://$USER_HOME$/.jdks/jdk-11/lib/src.zip!/jdk.scripting.nashorn" type="simple" />
            <root url="jar://$USER_HOME$/.jdks/jdk-11/lib/src.zip!/jdk.unsupported.desktop" type="simple" />
            <root url="jar://$USER_HOME$/.jdks/jdk-11/lib/src.zip!/jdk.internal.vm.compiler" type="simple" />
            <root url="jar://$USER_HOME$/.jdks/jdk-11/lib/src.zip!/jdk.scripting.nashorn.shell" type="simple" />
            <root url="jar://$USER_HOME$/.jdks/jdk-11/lib/src.zip!/jdk.internal.vm.compiler.management" type="simple" />
          </root>
        </sourcePath>
      </roots>
      <additional />
    </jdk>
    <jdk version="2">
      <name value="Android Studio java home" />
      <type value="JavaSDK" />
      <version value="version 11.0.13" />
      <homePath value="$APPLICATION_HOME_DIR$/jre" />
      <roots>
        <annotationsPath>
          <root type="composite">
            <root url="jar://$APPLICATION_HOME_DIR$/plugins/java/lib/jdkAnnotations.jar!/" type="simple" />
          </root>
        </annotationsPath>
        <classPath>
          <root type="composite">
            <root url="jrt:///mnt/disks/E/ProgramJob/android-studio-preview/jre!/gluegen.rt" type="simple" />
            <root url="jrt:///mnt/disks/E/ProgramJob/android-studio-preview/jre!/java.base" type="simple" />
            <root url="jrt:///mnt/disks/E/ProgramJob/android-studio-preview/jre!/java.compiler" type="simple" />
            <root url="jrt:///mnt/disks/E/ProgramJob/android-studio-preview/jre!/java.datatransfer" type="simple" />
            <root url="jrt:///mnt/disks/E/ProgramJob/android-studio-preview/jre!/java.desktop" type="simple" />
            <root url="jrt:///mnt/disks/E/ProgramJob/android-studio-preview/jre!/java.instrument" type="simple" />
            <root url="jrt:///mnt/disks/E/ProgramJob/android-studio-preview/jre!/java.logging" type="simple" />
            <root url="jrt:///mnt/disks/E/ProgramJob/android-studio-preview/jre!/java.management" type="simple" />
            <root url="jrt:///mnt/disks/E/ProgramJob/android-studio-preview/jre!/java.management.rmi" type="simple" />
            <root url="jrt:///mnt/disks/E/ProgramJob/android-studio-preview/jre!/java.naming" type="simple" />
            <root url="jrt:///mnt/disks/E/ProgramJob/android-studio-preview/jre!/java.net.http" type="simple" />
            <root url="jrt:///mnt/disks/E/ProgramJob/android-studio-preview/jre!/java.prefs" type="simple" />
            <root url="jrt:///mnt/disks/E/ProgramJob/android-studio-preview/jre!/java.rmi" type="simple" />
            <root url="jrt:///mnt/disks/E/ProgramJob/android-studio-preview/jre!/java.scripting" type="simple" />
            <root url="jrt:///mnt/disks/E/ProgramJob/android-studio-preview/jre!/java.se" type="simple" />
            <root url="jrt:///mnt/disks/E/ProgramJob/android-studio-preview/jre!/java.security.jgss" type="simple" />
            <root url="jrt:///mnt/disks/E/ProgramJob/android-studio-preview/jre!/java.security.sasl" type="simple" />
            <root url="jrt:///mnt/disks/E/ProgramJob/android-studio-preview/jre!/java.smartcardio" type="simple" />
            <root url="jrt:///mnt/disks/E/ProgramJob/android-studio-preview/jre!/java.sql" type="simple" />
            <root url="jrt:///mnt/disks/E/ProgramJob/android-studio-preview/jre!/java.sql.rowset" type="simple" />
            <root url="jrt:///mnt/disks/E/ProgramJob/android-studio-preview/jre!/java.transaction.xa" type="simple" />
            <root url="jrt:///mnt/disks/E/ProgramJob/android-studio-preview/jre!/java.xml" type="simple" />
            <root url="jrt:///mnt/disks/E/ProgramJob/android-studio-preview/jre!/java.xml.crypto" type="simple" />
            <root url="jrt:///mnt/disks/E/ProgramJob/android-studio-preview/jre!/jcef" type="simple" />
            <root url="jrt:///mnt/disks/E/ProgramJob/android-studio-preview/jre!/jdk.accessibility" type="simple" />
            <root url="jrt:///mnt/disks/E/ProgramJob/android-studio-preview/jre!/jdk.aot" type="simple" />
            <root url="jrt:///mnt/disks/E/ProgramJob/android-studio-preview/jre!/jdk.attach" type="simple" />
            <root url="jrt:///mnt/disks/E/ProgramJob/android-studio-preview/jre!/jdk.charsets" type="simple" />
            <root url="jrt:///mnt/disks/E/ProgramJob/android-studio-preview/jre!/jdk.compiler" type="simple" />
            <root url="jrt:///mnt/disks/E/ProgramJob/android-studio-preview/jre!/jdk.crypto.cryptoki" type="simple" />
            <root url="jrt:///mnt/disks/E/ProgramJob/android-studio-preview/jre!/jdk.crypto.ec" type="simple" />
            <root url="jrt:///mnt/disks/E/ProgramJob/android-studio-preview/jre!/jdk.dynalink" type="simple" />
            <root url="jrt:///mnt/disks/E/ProgramJob/android-studio-preview/jre!/jdk.hotspot.agent" type="simple" />
            <root url="jrt:///mnt/disks/E/ProgramJob/android-studio-preview/jre!/jdk.httpserver" type="simple" />
            <root url="jrt:///mnt/disks/E/ProgramJob/android-studio-preview/jre!/jdk.internal.ed" type="simple" />
            <root url="jrt:///mnt/disks/E/ProgramJob/android-studio-preview/jre!/jdk.internal.jvmstat" type="simple" />
            <root url="jrt:///mnt/disks/E/ProgramJob/android-studio-preview/jre!/jdk.internal.le" type="simple" />
            <root url="jrt:///mnt/disks/E/ProgramJob/android-studio-preview/jre!/jdk.internal.vm.ci" type="simple" />
            <root url="jrt:///mnt/disks/E/ProgramJob/android-studio-preview/jre!/jdk.internal.vm.compiler" type="simple" />
            <root url="jrt:///mnt/disks/E/ProgramJob/android-studio-preview/jre!/jdk.internal.vm.compiler.management" type="simple" />
            <root url="jrt:///mnt/disks/E/ProgramJob/android-studio-preview/jre!/jdk.jcmd" type="simple" />
            <root url="jrt:///mnt/disks/E/ProgramJob/android-studio-preview/jre!/jdk.jdi" type="simple" />
            <root url="jrt:///mnt/disks/E/ProgramJob/android-studio-preview/jre!/jdk.jdwp.agent" type="simple" />
            <root url="jrt:///mnt/disks/E/ProgramJob/android-studio-preview/jre!/jdk.jfr" type="simple" />
            <root url="jrt:///mnt/disks/E/ProgramJob/android-studio-preview/jre!/jdk.jsobject" type="simple" />
            <root url="jrt:///mnt/disks/E/ProgramJob/android-studio-preview/jre!/jdk.localedata" type="simple" />
            <root url="jrt:///mnt/disks/E/ProgramJob/android-studio-preview/jre!/jdk.management" type="simple" />
            <root url="jrt:///mnt/disks/E/ProgramJob/android-studio-preview/jre!/jdk.management.agent" type="simple" />
            <root url="jrt:///mnt/disks/E/ProgramJob/android-studio-preview/jre!/jdk.management.jfr" type="simple" />
            <root url="jrt:///mnt/disks/E/ProgramJob/android-studio-preview/jre!/jdk.naming.dns" type="simple" />
            <root url="jrt:///mnt/disks/E/ProgramJob/android-studio-preview/jre!/jdk.naming.rmi" type="simple" />
            <root url="jrt:///mnt/disks/E/ProgramJob/android-studio-preview/jre!/jdk.net" type="simple" />
            <root url="jrt:///mnt/disks/E/ProgramJob/android-studio-preview/jre!/jdk.pack" type="simple" />
            <root url="jrt:///mnt/disks/E/ProgramJob/android-studio-preview/jre!/jdk.scripting.nashorn" type="simple" />
            <root url="jrt:///mnt/disks/E/ProgramJob/android-studio-preview/jre!/jdk.scripting.nashorn.shell" type="simple" />
            <root url="jrt:///mnt/disks/E/ProgramJob/android-studio-preview/jre!/jdk.sctp" type="simple" />
            <root url="jrt:///mnt/disks/E/ProgramJob/android-studio-preview/jre!/jdk.security.auth" type="simple" />
            <root url="jrt:///mnt/disks/E/ProgramJob/android-studio-preview/jre!/jdk.security.jgss" type="simple" />
            <root url="jrt:///mnt/disks/E/ProgramJob/android-studio-preview/jre!/jdk.unsupported" type="simple" />
            <root url="jrt:///mnt/disks/E/ProgramJob/android-studio-preview/jre!/jdk.unsupported.desktop" type="simple" />
            <root url="jrt:///mnt/disks/E/ProgramJob/android-studio-preview/jre!/jdk.xml.dom" type="simple" />
            <root url="jrt:///mnt/disks/E/ProgramJob/android-studio-preview/jre!/jdk.zipfs" type="simple" />
            <root url="jrt:///mnt/disks/E/ProgramJob/android-studio-preview/jre!/jogl.all" type="simple" />
          </root>
        </classPath>
        <javadocPath>
          <root type="composite" />
        </javadocPath>
        <sourcePath>
          <root type="composite" />
        </sourcePath>
      </roots>
      <additional />
    </jdk>
    <jdk version="2">
      <name value="Android API 31 Platform" />
      <type value="Android SDK" />
      <homePath value="$USER_HOME$/Android/Sdk" />
      <roots>
        <annotationsPath>
          <root type="composite">
            <root url="jar://$USER_HOME$/Android/Sdk/platforms/android-31/data/annotations.zip!/" type="simple" />
          </root>
        </annotationsPath>
        <classPath>
          <root type="composite">
            <root url="jar://$USER_HOME$/Android/Sdk/platforms/android-31/android.jar!/" type="simple" />
            <root url="file://$USER_HOME$/Android/Sdk/platforms/android-31/data/res" type="simple" />
          </root>
        </classPath>
        <javadocPath>
          <root type="composite">
            <root url="http://developer.android.com/reference/" type="simple" />
          </root>
        </javadocPath>
        <sourcePath>
          <root type="composite" />
        </sourcePath>
      </roots>
      <additional jdk="Android Studio default JDK" sdk="android-31" />
    </jdk>
    <jdk version="2">
      <name value="Android API 29 Platform" />
      <type value="Android SDK" />
      <homePath value="$USER_HOME$/Android/Sdk" />
      <roots>
        <annotationsPath>
          <root type="composite">
            <root url="jar://$USER_HOME$/Android/Sdk/platforms/android-29/data/annotations.zip!/" type="simple" />
          </root>
        </annotationsPath>
        <classPath>
          <root type="composite">
            <root url="jar://$USER_HOME$/Android/Sdk/platforms/android-29/android.jar!/" type="simple" />
            <root url="file://$USER_HOME$/Android/Sdk/platforms/android-29/data/res" type="simple" />
          </root>
        </classPath>
        <javadocPath>
          <root type="composite">
            <root url="http://developer.android.com/reference/" type="simple" />
          </root>
        </javadocPath>
        <sourcePath>
          <root type="composite" />
        </sourcePath>
      </roots>
      <additional jdk="Android Studio default JDK" sdk="android-29" />
    </jdk>
    <jdk version="2">
      <name value="11 (2)" />
      <type value="JavaSDK" />
      <version value="version 11" />
      <homePath value="$USER_HOME$/.jdks/jdk-11" />
      <roots>
        <annotationsPath>
          <root type="composite">
            <root url="jar://$APPLICATION_HOME_DIR$/plugins/java/lib/jdkAnnotations.jar!/" type="simple" />
          </root>
        </annotationsPath>
        <classPath>
          <root type="composite">
            <root url="jrt:///home/wang/.jdks/jdk-11!/java.base" type="simple" />
            <root url="jrt:///home/wang/.jdks/jdk-11!/java.compiler" type="simple" />
            <root url="jrt:///home/wang/.jdks/jdk-11!/java.datatransfer" type="simple" />
            <root url="jrt:///home/wang/.jdks/jdk-11!/java.desktop" type="simple" />
            <root url="jrt:///home/wang/.jdks/jdk-11!/java.instrument" type="simple" />
            <root url="jrt:///home/wang/.jdks/jdk-11!/java.logging" type="simple" />
            <root url="jrt:///home/wang/.jdks/jdk-11!/java.management" type="simple" />
            <root url="jrt:///home/wang/.jdks/jdk-11!/java.management.rmi" type="simple" />
            <root url="jrt:///home/wang/.jdks/jdk-11!/java.naming" type="simple" />
            <root url="jrt:///home/wang/.jdks/jdk-11!/java.net.http" type="simple" />
            <root url="jrt:///home/wang/.jdks/jdk-11!/java.prefs" type="simple" />
            <root url="jrt:///home/wang/.jdks/jdk-11!/java.rmi" type="simple" />
            <root url="jrt:///home/wang/.jdks/jdk-11!/java.scripting" type="simple" />
            <root url="jrt:///home/wang/.jdks/jdk-11!/java.se" type="simple" />
            <root url="jrt:///home/wang/.jdks/jdk-11!/java.security.jgss" type="simple" />
            <root url="jrt:///home/wang/.jdks/jdk-11!/java.security.sasl" type="simple" />
            <root url="jrt:///home/wang/.jdks/jdk-11!/java.smartcardio" type="simple" />
            <root url="jrt:///home/wang/.jdks/jdk-11!/java.sql" type="simple" />
            <root url="jrt:///home/wang/.jdks/jdk-11!/java.sql.rowset" type="simple" />
            <root url="jrt:///home/wang/.jdks/jdk-11!/java.transaction.xa" type="simple" />
            <root url="jrt:///home/wang/.jdks/jdk-11!/java.xml" type="simple" />
            <root url="jrt:///home/wang/.jdks/jdk-11!/java.xml.crypto" type="simple" />
            <root url="jrt:///home/wang/.jdks/jdk-11!/jdk.accessibility" type="simple" />
            <root url="jrt:///home/wang/.jdks/jdk-11!/jdk.aot" type="simple" />
            <root url="jrt:///home/wang/.jdks/jdk-11!/jdk.attach" type="simple" />
            <root url="jrt:///home/wang/.jdks/jdk-11!/jdk.charsets" type="simple" />
            <root url="jrt:///home/wang/.jdks/jdk-11!/jdk.compiler" type="simple" />
            <root url="jrt:///home/wang/.jdks/jdk-11!/jdk.crypto.cryptoki" type="simple" />
            <root url="jrt:///home/wang/.jdks/jdk-11!/jdk.crypto.ec" type="simple" />
            <root url="jrt:///home/wang/.jdks/jdk-11!/jdk.dynalink" type="simple" />
            <root url="jrt:///home/wang/.jdks/jdk-11!/jdk.editpad" type="simple" />
            <root url="jrt:///home/wang/.jdks/jdk-11!/jdk.hotspot.agent" type="simple" />
            <root url="jrt:///home/wang/.jdks/jdk-11!/jdk.httpserver" type="simple" />
            <root url="jrt:///home/wang/.jdks/jdk-11!/jdk.internal.ed" type="simple" />
            <root url="jrt:///home/wang/.jdks/jdk-11!/jdk.internal.jvmstat" type="simple" />
            <root url="jrt:///home/wang/.jdks/jdk-11!/jdk.internal.le" type="simple" />
            <root url="jrt:///home/wang/.jdks/jdk-11!/jdk.internal.opt" type="simple" />
            <root url="jrt:///home/wang/.jdks/jdk-11!/jdk.internal.vm.ci" type="simple" />
            <root url="jrt:///home/wang/.jdks/jdk-11!/jdk.internal.vm.compiler" type="simple" />
            <root url="jrt:///home/wang/.jdks/jdk-11!/jdk.internal.vm.compiler.management" type="simple" />
            <root url="jrt:///home/wang/.jdks/jdk-11!/jdk.jartool" type="simple" />
            <root url="jrt:///home/wang/.jdks/jdk-11!/jdk.javadoc" type="simple" />
            <root url="jrt:///home/wang/.jdks/jdk-11!/jdk.jcmd" type="simple" />
            <root url="jrt:///home/wang/.jdks/jdk-11!/jdk.jconsole" type="simple" />
            <root url="jrt:///home/wang/.jdks/jdk-11!/jdk.jdeps" type="simple" />
            <root url="jrt:///home/wang/.jdks/jdk-11!/jdk.jdi" type="simple" />
            <root url="jrt:///home/wang/.jdks/jdk-11!/jdk.jdwp.agent" type="simple" />
            <root url="jrt:///home/wang/.jdks/jdk-11!/jdk.jfr" type="simple" />
            <root url="jrt:///home/wang/.jdks/jdk-11!/jdk.jlink" type="simple" />
            <root url="jrt:///home/wang/.jdks/jdk-11!/jdk.jshell" type="simple" />
            <root url="jrt:///home/wang/.jdks/jdk-11!/jdk.jsobject" type="simple" />
            <root url="jrt:///home/wang/.jdks/jdk-11!/jdk.jstatd" type="simple" />
            <root url="jrt:///home/wang/.jdks/jdk-11!/jdk.localedata" type="simple" />
            <root url="jrt:///home/wang/.jdks/jdk-11!/jdk.management" type="simple" />
            <root url="jrt:///home/wang/.jdks/jdk-11!/jdk.management.agent" type="simple" />
            <root url="jrt:///home/wang/.jdks/jdk-11!/jdk.management.jfr" type="simple" />
            <root url="jrt:///home/wang/.jdks/jdk-11!/jdk.naming.dns" type="simple" />
            <root url="jrt:///home/wang/.jdks/jdk-11!/jdk.naming.rmi" type="simple" />
            <root url="jrt:///home/wang/.jdks/jdk-11!/jdk.net" type="simple" />
            <root url="jrt:///home/wang/.jdks/jdk-11!/jdk.pack" type="simple" />
            <root url="jrt:///home/wang/.jdks/jdk-11!/jdk.rmic" type="simple" />
            <root url="jrt:///home/wang/.jdks/jdk-11!/jdk.scripting.nashorn" type="simple" />
            <root url="jrt:///home/wang/.jdks/jdk-11!/jdk.scripting.nashorn.shell" type="simple" />
            <root url="jrt:///home/wang/.jdks/jdk-11!/jdk.sctp" type="simple" />
            <root url="jrt:///home/wang/.jdks/jdk-11!/jdk.security.auth" type="simple" />
            <root url="jrt:///home/wang/.jdks/jdk-11!/jdk.security.jgss" type="simple" />
            <root url="jrt:///home/wang/.jdks/jdk-11!/jdk.unsupported" type="simple" />
            <root url="jrt:///home/wang/.jdks/jdk-11!/jdk.unsupported.desktop" type="simple" />
            <root url="jrt:///home/wang/.jdks/jdk-11!/jdk.xml.dom" type="simple" />
            <root url="jrt:///home/wang/.jdks/jdk-11!/jdk.zipfs" type="simple" />
          </root>
        </classPath>
        <javadocPath>
          <root type="composite" />
        </javadocPath>
        <sourcePath>
          <root type="composite">
            <root url="jar://$USER_HOME$/.jdks/jdk-11/lib/src.zip!/java.se" type="simple" />
            <root url="jar://$USER_HOME$/.jdks/jdk-11/lib/src.zip!/jdk.aot" type="simple" />
            <root url="jar://$USER_HOME$/.jdks/jdk-11/lib/src.zip!/jdk.jdi" type="simple" />
            <root url="jar://$USER_HOME$/.jdks/jdk-11/lib/src.zip!/jdk.jfr" type="simple" />
            <root url="jar://$USER_HOME$/.jdks/jdk-11/lib/src.zip!/jdk.net" type="simple" />
            <root url="jar://$USER_HOME$/.jdks/jdk-11/lib/src.zip!/java.rmi" type="simple" />
            <root url="jar://$USER_HOME$/.jdks/jdk-11/lib/src.zip!/java.sql" type="simple" />
            <root url="jar://$USER_HOME$/.jdks/jdk-11/lib/src.zip!/java.xml" type="simple" />
            <root url="jar://$USER_HOME$/.jdks/jdk-11/lib/src.zip!/jdk.jcmd" type="simple" />
            <root url="jar://$USER_HOME$/.jdks/jdk-11/lib/src.zip!/jdk.pack" type="simple" />
            <root url="jar://$USER_HOME$/.jdks/jdk-11/lib/src.zip!/jdk.rmic" type="simple" />
            <root url="jar://$USER_HOME$/.jdks/jdk-11/lib/src.zip!/jdk.sctp" type="simple" />
            <root url="jar://$USER_HOME$/.jdks/jdk-11/lib/src.zip!/java.base" type="simple" />
            <root url="jar://$USER_HOME$/.jdks/jdk-11/lib/src.zip!/jdk.jdeps" type="simple" />
            <root url="jar://$USER_HOME$/.jdks/jdk-11/lib/src.zip!/jdk.jlink" type="simple" />
            <root url="jar://$USER_HOME$/.jdks/jdk-11/lib/src.zip!/jdk.zipfs" type="simple" />
            <root url="jar://$USER_HOME$/.jdks/jdk-11/lib/src.zip!/java.prefs" type="simple" />
            <root url="jar://$USER_HOME$/.jdks/jdk-11/lib/src.zip!/jdk.attach" type="simple" />
            <root url="jar://$USER_HOME$/.jdks/jdk-11/lib/src.zip!/jdk.jshell" type="simple" />
            <root url="jar://$USER_HOME$/.jdks/jdk-11/lib/src.zip!/jdk.jstatd" type="simple" />
            <root url="jar://$USER_HOME$/.jdks/jdk-11/lib/src.zip!/java.naming" type="simple" />
            <root url="jar://$USER_HOME$/.jdks/jdk-11/lib/src.zip!/jdk.editpad" type="simple" />
            <root url="jar://$USER_HOME$/.jdks/jdk-11/lib/src.zip!/jdk.jartool" type="simple" />
            <root url="jar://$USER_HOME$/.jdks/jdk-11/lib/src.zip!/jdk.javadoc" type="simple" />
            <root url="jar://$USER_HOME$/.jdks/jdk-11/lib/src.zip!/jdk.xml.dom" type="simple" />
            <root url="jar://$USER_HOME$/.jdks/jdk-11/lib/src.zip!/java.desktop" type="simple" />
            <root url="jar://$USER_HOME$/.jdks/jdk-11/lib/src.zip!/java.logging" type="simple" />
            <root url="jar://$USER_HOME$/.jdks/jdk-11/lib/src.zip!/jdk.charsets" type="simple" />
            <root url="jar://$USER_HOME$/.jdks/jdk-11/lib/src.zip!/jdk.compiler" type="simple" />
            <root url="jar://$USER_HOME$/.jdks/jdk-11/lib/src.zip!/jdk.dynalink" type="simple" />
            <root url="jar://$USER_HOME$/.jdks/jdk-11/lib/src.zip!/jdk.jconsole" type="simple" />
            <root url="jar://$USER_HOME$/.jdks/jdk-11/lib/src.zip!/jdk.jsobject" type="simple" />
            <root url="jar://$USER_HOME$/.jdks/jdk-11/lib/src.zip!/java.compiler" type="simple" />
            <root url="jar://$USER_HOME$/.jdks/jdk-11/lib/src.zip!/java.net.http" type="simple" />
            <root url="jar://$USER_HOME$/.jdks/jdk-11/lib/src.zip!/jdk.crypto.ec" type="simple" />
            <root url="jar://$USER_HOME$/.jdks/jdk-11/lib/src.zip!/java.scripting" type="simple" />
            <root url="jar://$USER_HOME$/.jdks/jdk-11/lib/src.zip!/jdk.httpserver" type="simple" />
            <root url="jar://$USER_HOME$/.jdks/jdk-11/lib/src.zip!/jdk.jdwp.agent" type="simple" />
            <root url="jar://$USER_HOME$/.jdks/jdk-11/lib/src.zip!/jdk.localedata" type="simple" />
            <root url="jar://$USER_HOME$/.jdks/jdk-11/lib/src.zip!/jdk.management" type="simple" />
            <root url="jar://$USER_HOME$/.jdks/jdk-11/lib/src.zip!/jdk.naming.dns" type="simple" />
            <root url="jar://$USER_HOME$/.jdks/jdk-11/lib/src.zip!/jdk.naming.rmi" type="simple" />
            <root url="jar://$USER_HOME$/.jdks/jdk-11/lib/src.zip!/java.instrument" type="simple" />
            <root url="jar://$USER_HOME$/.jdks/jdk-11/lib/src.zip!/java.management" type="simple" />
            <root url="jar://$USER_HOME$/.jdks/jdk-11/lib/src.zip!/java.sql.rowset" type="simple" />
            <root url="jar://$USER_HOME$/.jdks/jdk-11/lib/src.zip!/java.xml.crypto" type="simple" />
            <root url="jar://$USER_HOME$/.jdks/jdk-11/lib/src.zip!/jdk.internal.ed" type="simple" />
            <root url="jar://$USER_HOME$/.jdks/jdk-11/lib/src.zip!/jdk.internal.le" type="simple" />
            <root url="jar://$USER_HOME$/.jdks/jdk-11/lib/src.zip!/jdk.unsupported" type="simple" />
            <root url="jar://$USER_HOME$/.jdks/jdk-11/lib/src.zip!/java.smartcardio" type="simple" />
            <root url="jar://$USER_HOME$/.jdks/jdk-11/lib/src.zip!/jdk.internal.opt" type="simple" />
            <root url="jar://$USER_HOME$/.jdks/jdk-11/lib/src.zip!/java.datatransfer" type="simple" />
            <root url="jar://$USER_HOME$/.jdks/jdk-11/lib/src.zip!/jdk.accessibility" type="simple" />
            <root url="jar://$USER_HOME$/.jdks/jdk-11/lib/src.zip!/jdk.hotspot.agent" type="simple" />
            <root url="jar://$USER_HOME$/.jdks/jdk-11/lib/src.zip!/jdk.security.auth" type="simple" />
            <root url="jar://$USER_HOME$/.jdks/jdk-11/lib/src.zip!/jdk.security.jgss" type="simple" />
            <root url="jar://$USER_HOME$/.jdks/jdk-11/lib/src.zip!/java.security.jgss" type="simple" />
            <root url="jar://$USER_HOME$/.jdks/jdk-11/lib/src.zip!/java.security.sasl" type="simple" />
            <root url="jar://$USER_HOME$/.jdks/jdk-11/lib/src.zip!/jdk.internal.vm.ci" type="simple" />
            <root url="jar://$USER_HOME$/.jdks/jdk-11/lib/src.zip!/jdk.management.jfr" type="simple" />
            <root url="jar://$USER_HOME$/.jdks/jdk-11/lib/src.zip!/java.management.rmi" type="simple" />
            <root url="jar://$USER_HOME$/.jdks/jdk-11/lib/src.zip!/java.transaction.xa" type="simple" />
            <root url="jar://$USER_HOME$/.jdks/jdk-11/lib/src.zip!/jdk.crypto.cryptoki" type="simple" />
            <root url="jar://$USER_HOME$/.jdks/jdk-11/lib/src.zip!/jdk.internal.jvmstat" type="simple" />
            <root url="jar://$USER_HOME$/.jdks/jdk-11/lib/src.zip!/jdk.management.agent" type="simple" />
            <root url="jar://$USER_HOME$/.jdks/jdk-11/lib/src.zip!/jdk.scripting.nashorn" type="simple" />
            <root url="jar://$USER_HOME$/.jdks/jdk-11/lib/src.zip!/jdk.unsupported.desktop" type="simple" />
            <root url="jar://$USER_HOME$/.jdks/jdk-11/lib/src.zip!/jdk.internal.vm.compiler" type="simple" />
            <root url="jar://$USER_HOME$/.jdks/jdk-11/lib/src.zip!/jdk.scripting.nashorn.shell" type="simple" />
            <root url="jar://$USER_HOME$/.jdks/jdk-11/lib/src.zip!/jdk.internal.vm.compiler.management" type="simple" />
          </root>
        </sourcePath>
      </roots>
      <additional />
    </jdk>
  </component>
</application>