<application>
  <component name="AppStorage">
    <option name="pinNewTranslationDialog" value="true" />
    <histories>
      <item value="conflict Algorithm" />
      <item value="Closeable" />
      <item value="Represents a SQL result set which can be iterated through with [next]. Initially the cursor will not point to any row, and calling [next] once will iterate to the first row." />
      <item value="Returns `this` value if it satisfies the given [predicate] or `null`, if it doesn't. For detailed usage information see the documentation for [scope functions](https:kotlinlang.orgdocsreferencescope-functions.htmltakeif-and-takeunless)." />
      <item value="Converts this abstract pathname into a pathname string. The resulting string uses the {@link separator default name-separator character} to separate the names in the name sequence. @return The string form of this abstract pathname" />
      <item value="include Tests Matching" />
      <item value="filter" />
      <item value="is Instrumenting" />
      <item value="Test instrumentation runner class name. This is a fully qualified class name of the runner, e.g. `android.test.InstrumentationTestRunner`" />
      <item value="get Instrumentation" />
      <item value="instrumentation" />
      <item value="A PRIMARY KEY constraint failed (UNIQUE constraint failed: testCreateTable.f1) org.sqlite.SQLiteException: [SQLITE_CONSTRAINT_PRIMARYKEY] A PRIMARY KEY constraint failed (UNIQUE constraint failed: testCreateTable.f1)" />
      <item value="Represents a SQL statement that has been prepared by a driver to be executed. This type is not thread safe unless otherwise specified by the driver emitting these. Prepared statements should not be cached by client code. Drivers can implement caching by using the integer identifier passed to [SqlDriver.execute] or [SqlDriver.executeQuery]. Client code can pass the same identifier to that method to request that the prepared statement is cached." />
      <item value="Bind [string] to the underlying statement at [index]." />
      <item value="Returns a range from this value up to but excluding the specified [to] value." />
      <item value="The string or null value of column [index] for the current row of the result set." />
      <item value="A SQL transaction. Can be created through the driver via [SqlDriver.newTransaction] or through an implementation of [Transacter] by calling [Transacter.transaction]. A transaction is expected never to escape the thread it is created on, or more specifically, never to escape the lambda scope of [Transacter.transaction] and [Transacter.transactionWithResult]." />
      <item value="Retrieves" />
      <item value="insert Space" />
      <item value="Method openOrCreateDatabase in android.database.sqlite.SQLiteDatabase not mocked." />
      <item value="execute" />
      <item value="&lt;p&gt; A canonical pathname is both absolute and unique. The precise definition of canonical form is system-dependent. This method first converts this pathname to absolute form if necessary, as if by invoking the {@link getAbsolutePath} method, and then maps it to its unique form in a system-dependent way. This typically involves removing redundant names such as &lt;tt&gt;&quot;.&quot;&lt;tt&gt; and &lt;tt&gt;&quot;..&quot;&lt;tt&gt; from the pathname, resolving symbolic links (on UNIX platforms), and converting drive letters to a standard case (on Microsoft Windows platforms)." />
      <item value="The name of the database for which you would like to get its path." />
      <item value="No matching variant of cn.ace:lib-android:30.1.22 was found. The consumer was configured to find a runtime of a component, preferably optimized for Android, as well as attribute 'com.android.build.api.attributes.BuildTypeAttr' with value 'debug', attribute 'org.jetbrains.kotlin.platform.type' with value 'androidJvm' but:" />
      <item value="attributes" />
      <item value="oel Android X Version" />
      <item value="insignificant" />
      <item value="functional" />
      <item value="impact" />
      <item value="descendant" />
      <item value="get Default Proguard File" />
      <item value="An exception occurred applying plugin request [id: 'org.jetbrains.kotlin.android']" />
      <item value="Location Aware Exception" />
      <item value="No Class Def Found Error" />
      <item value="val Build_gradle.project: Project' can't be called in this context by implicit receiver" />
      <item value="org.gradle.internal.exceptions.LocationAwareException: Build file 'D:\Projects\GitProjects\Template-buildSrc\build.gradle.kts' line: 17 Script compilation error:" />
      <item value="Script Compilation Exception" />
      <item value="You can use '--warning-mode all' to show the individual deprecation warnings and determine if they come from your own scripts or plugins." />
      <item value="Plugin request for plugin already on the classpath must not include a version" />
      <item value="must be locked before it can be used to compute a classpath" />
      <item value="org" />
      <item value="api" />
      <item value="instead" />
      <item value="opt In Annotations In Use" />
      <item value="Project Descriptor" />
      <item value="is Specified" />
    </histories>
    <option name="languageScores">
      <map>
        <entry key="CHINESE" value="45" />
        <entry key="ENGLISH" value="46" />
        <entry key="GERMAN" value="1" />
        <entry key="MALAY" value="1" />
        <entry key="INDONESIAN" value="1" />
      </map>
    </option>
  </component>
  <component name="Cache">
    <option name="lastTrimTime" value="1643813279977" />
  </component>
</application>