<application>
  <component name="PostfixTemplates">
    <template id="org.jetbrains.kotlin.idea.codeInsight.postfix.KtIntroduceVariablePostfixTemplate#.val" key=".vl" provider="org.jetbrains.kotlin.idea.codeInsight.postfix.KtPostfixTemplateProvider" builtin="org.jetbrains.kotlin.idea.codeInsight.postfix.KtIntroduceVariablePostfixTemplate#.val" />
    <template id="org.jetbrains.kotlin.idea.codeInsight.postfix.KtWhilePostfixTemplate#.while" key=".wl" provider="org.jetbrains.kotlin.idea.codeInsight.postfix.KtPostfixTemplateProvider" builtin="org.jetbrains.kotlin.idea.codeInsight.postfix.KtWhilePostfixTemplate#.while" />
    <template id="org.jetbrains.kotlin.idea.codeInsight.postfix.KtIntroduceVariablePostfixTemplate#.var" key=".vr" provider="org.jetbrains.kotlin.idea.codeInsight.postfix.KtPostfixTemplateProvider" builtin="org.jetbrains.kotlin.idea.codeInsight.postfix.KtIntroduceVariablePostfixTemplate#.var" />
    <template id="org.jetbrains.kotlin.idea.codeInsight.postfix.KtNotPostfixTemplate#.not" key=".nt" provider="org.jetbrains.kotlin.idea.codeInsight.postfix.KtPostfixTemplateProvider" builtin="org.jetbrains.kotlin.idea.codeInsight.postfix.KtNotPostfixTemplate#.not" />
    <template id="org.jetbrains.kotlin.idea.codeInsight.postfix.KtReturnPostfixTemplate#.return" key=".rt" provider="org.jetbrains.kotlin.idea.codeInsight.postfix.KtPostfixTemplateProvider" builtin="org.jetbrains.kotlin.idea.codeInsight.postfix.KtReturnPostfixTemplate#.return" />
    <template id="org.jetbrains.kotlin.idea.codeInsight.postfix.KtIsNullPostfixTemplate#.null" key=".in" provider="org.jetbrains.kotlin.idea.codeInsight.postfix.KtPostfixTemplateProvider" builtin="org.jetbrains.kotlin.idea.codeInsight.postfix.KtIsNullPostfixTemplate#.null" />
    <template id="org.jetbrains.kotlin.idea.codeInsight.postfix.KtWhenExpressionPostfixTemplate#.when" key=".when" provider="org.jetbrains.kotlin.idea.codeInsight.postfix.KtPostfixTemplateProvider" builtin="org.jetbrains.kotlin.idea.codeInsight.postfix.KtWhenExpressionPostfixTemplate#.when" />
    <template id="org.jetbrains.kotlin.idea.codeInsight.postfix.KtNotNullPostfixTemplate#.nn" key=".inn" provider="org.jetbrains.kotlin.idea.codeInsight.postfix.KtPostfixTemplateProvider" builtin="org.jetbrains.kotlin.idea.codeInsight.postfix.KtNotNullPostfixTemplate#.nn" />
  </component>
  <component name="PostfixTemplatesSettings">
    <option name="providerToDisabledTemplates">
      <disabled-templates provider="org.jetbrains.kotlin.idea.codeInsight.postfix.KtPostfixTemplateProvider">
        <value>
          <set>
            <option value="org.jetbrains.kotlin.idea.codeInsight.postfix.KtNotNullPostfixTemplate#.notnull" />
            <option value="org.jetbrains.kotlin.idea.codeInsight.postfix.KtWhenExpressionPostfixTemplate#.when" />
          </set>
        </value>
      </disabled-templates>
    </option>
  </component>
</application>