<application>
  <component name="AppStorage">
    <option name="newTranslationDialogWidth" value="598" />
    <option name="newTranslationDialogX" value="508" />
    <option name="newTranslationDialogY" value="315" />
    <option name="pinNewTranslationDialog" value="true" />
    <histories>
      <item value="set Execution Source From" />
      <item value="Returns a property delegate for a readwrite property with a non-`null` value that is initialized not during object construction time but at a later time. Trying to read the property before the initial value has been assigned results in an exception." />
      <item value="Implements the core logic of a property delegate for a readwrite property that calls callback functions when changed. @param initialValue the initial value of the property." />
      <item value="operator" />
      <item value="provide Delegate" />
      <item value="An option that functions as a property delegate" />
      <item value="Statically Grouped Option" />
      <item value="Parameter Holder" />
      <item value="metavar With Default" />
      <item value="Representation of a source code unit and its contents that can be evaluated in an execution context. Each source is associated with the the ID of the language. From a file on disk" />
      <item value="Uses configuration of this builder to create new Source object. The method throws an IOException if an error loading the source occurred. Returns: the source object Since: 19.0" />
      <item value="Term Ui" />
      <item value="help = &quot;Run PHP interactively. This lets you enter snippets of PHP code that directly get executed. When readline support is enabled you can edit the lines and also have history support.&quot;" />
      <item value="interactively" />
      <item value="Option With Values" />
      <item value="Main entry point of the program." />
      <item value="The CliktCommand is the core of command line interfaces in Clikt. Command line interfaces created by creating a subclass of CliktCommand with properties defined with option and argument. You can then parse argv by calling main, which will take care of printing errors and help to the user. If you want to handle output yourself, you can use parse instead." />
      <item value="The CliktCommand is the core of command line interfaces in Clikt." />
      <item value="clikt" />
      <item value="ajalt" />
      <item value="Clikt Command" />
      <item value="Marks fields that represent child nodes of this node. This annotation implies the semantics of CompilerDirectives.CompilationFinal." />
      <item value="Marks fields that represent child nodes of this node. This annotation implies the semantics of" />
      <item value="Exit Intrinsic Node" />
      <item value="Source Section" />
      <item value="Parent data associated with children." />
      <item value="Inclusive" />
      <item value="from Inclusive" />
      <item value="@param weight The proportional height to give to this element, as related to the total of all weighted siblings. Must be positive." />
      <item value="proportional" />
      <item value="occupy" />
      <item value="@param fill When `true`, the element will occupy the whole height allocated." />
      <item value="on Laid Out" />
      <item value="SYSTEM TEMPORARY DIRECTORY" />
      <item value="Set to `true` to clip the content to the [shape]. Default value is `false`" />
      <item value="Scale the contents of both the horizontal and vertical axis uniformly by the same scale factor." />
      <item value="Creating a state object during composition without using remember" />
      <item value="Mfw Params" />
      <item value="The rotation, in degrees, of the contents around the Z axis in degrees. Default value is `0`." />
      <item value="This repository contains a snapshot of SimpleLanguage that is updated only after major changes. The development version is part of the Truffle repository: https:github.comgraalvmtruffle" />
      <item value="polyglot" />
      <item value="execute Generic" />
      <item value="term" />
      <item value="arithmetic" />
      <item value="get Grammar File Name" />
      <item value="Vocabulary" />
      <item value="get Token Names" />
      <item value="get Vocabulary" />
      <item value="make Literal Names" />
      <item value="Lexer" />
    </histories>
    <option name="languageScores">
      <map>
        <entry key="CHINESE" value="1964" />
        <entry key="ENGLISH" value="1965" />
        <entry key="IRISH" value="2" />
        <entry key="ESTONIAN" value="1" />
        <entry key="BASQUE" value="1" />
        <entry key="ICELANDIC" value="1" />
        <entry key="POLISH" value="3" />
        <entry key="AFRIKAANS" value="1" />
        <entry key="DANISH" value="1" />
        <entry key="GERMAN" value="3" />
        <entry key="RUSSIAN" value="1" />
        <entry key="FRENCH" value="6" />
        <entry key="FINNISH" value="2" />
        <entry key="DUTCH" value="6" />
        <entry key="CZECH" value="4" />
        <entry key="LATIN" value="3" />
        <entry key="LITHUANIAN" value="1" />
        <entry key="ROMANIAN" value="6" />
        <entry key="MALTESE" value="2" />
        <entry key="MALAY" value="1" />
        <entry key="NORWEGIAN" value="1" />
        <entry key="PORTUGUESE" value="3" />
        <entry key="JAPANESE" value="2" />
        <entry key="SESOTHO" value="1" />
        <entry key="SLOVAK" value="2" />
        <entry key="SLOVENIAN" value="1" />
        <entry key="SOMALI" value="1" />
        <entry key="UZBEK" value="1" />
        <entry key="ITALIAN" value="1" />
        <entry key="HINDI" value="1" />
        <entry key="INDONESIAN" value="4" />
        <entry key="VIETNAMESE" value="2" />
      </map>
    </option>
  </component>
  <component name="Cache">
    <option name="lastTrimTime" value="1663493369924" />
  </component>
</application>