<application>
  <component name="NotificationConfiguration">
    <notification groupId="Android Gradle Upgrade Notification" displayType="NONE" shouldLog="false" />
    <notification groupId="Build sync orphan modules" displayType="NONE" shouldLog="false" />
    <notification groupId="File type conflict" displayType="NONE" />
    <notification groupId="Gradle Notification Group" displayType="NONE" shouldLog="false" />
    <notification groupId="IDE and Plugin Updates" displayType="NONE" />
    <notification groupId="IDE Usage Statistics" displayType="STICKY_BALLOON" shouldLog="false" />
    <notification groupId="JDK Location different to JAVA_HOME" displayType="NONE" shouldLog="false" />
    <notification groupId="Kotlin Migration" displayType="NONE" shouldLog="false" />
    <notification groupId="Outdated Bundled Kotlin Compiler" displayType="NONE" shouldLog="false" />
    <notification groupId="Plugin Error" displayType="NONE" />
    <notification groupId="System Health" displayType="NONE" />
    <notification groupId="Vcs Important Messages" displayType="NONE" shouldLog="false" />
  </component>
</application>