<application>
  <component name="AppStorage">
    <option name="pinNewTranslationDialog" value="true" />
    <histories>
      <item value="Black" />
      <item value="Extra Bold" />
      <item value="Bold" />
      <item value="Semi Bold" />
      <item value="Medium" />
      <item value="ripple Host View" />
      <item value="@param bounded If true, ripples are clipped by the bounds of the target layout. Unbounded ripples always animate from the target layout center, bounded ripples animate from the touch position." />
      <item value="The horizontal scale of the drawn area. Default value is `1`." />
      <item value="A [Modifier.Element] that makes content draw into a draw layer. The draw layer can be invalidated separately from parents. A [graphicsLayer] should be used when the content updates independently from anything above it to minimize the invalidated content." />
      <item value="graphics Layer" />
      <item value="generic Clickable Without Gesture" />
      <item value="Pressed Interaction Source Disposable Effect" />
      <item value="pressed Interaction" />
      <item value="indication" />
      <item value="indication click receives State Updates" />
      <item value="Creates a [graphicsLayer] that draws a shadow. The [elevation] defines the visual depth of the physical object. The physical object has a shape specified by [shape]." />
      <item value="Checkboxes allow users to select one or more items from a set. Checkboxes can turn an option on or off." />
      <item value="Indeterminate" />
      <item value="Tri State Checkbox" />
      <item value="High Contrast Content Alpha" />
      <item value="Mutable Interaction Source" />
      <item value="Accepts the given [collector] and [emits][FlowCollector.emit] values into it. This method should never be implemented or used directly. The only way to implement the `Flow` interface directly is to extend [AbstractFlow]. To collect it into a specific collector, either `collector.emitAll(flow)` or `collect { ... }` extension should be used. Such limitation ensures that the context preservation property is not violated and prevents most of the developer mistakes related to concurrency, inconsistent flow dispatchers and cancellation." />
      <item value="Terminal flow operator that collects the given flow with a provided [action]. If any exception occurs during collect or in the provided flow, this exception is rethrown from this method." />
      <item value="elevation" />
      <item value="Indication represents visual effects that occur when certain interactions happens. For example: showing a ripple effect when a component is pressed, or a highlight when a component is focused." />
      <item value="foundation" />
      <item value="Local Indication" />
      <item value="Button" />
      <item value="The [fraction] argument represents position on the timeline, with 0.0 meaning that the interpolation has not started, returning [start] (or something equivalent to [start]), 1.0 meaning that the interpolation has finished, returning [stop] (or something equivalent to [stop]), and values in between meaning that the interpolation is at the relevant point on the timeline between [start] and [stop]. The interpolation can be extrapolated beyond 0.0 and 1.0, so negative values and values greater than 1.0 are valid (and can easily be generated by curves)." />
      <item value="Linearly interpolate between two font weights." />
      <item value="Extra Light" />
      <item value="Normal" />
      <item value="Alias" />
      <item value="@param weight Font weight value in the range of [1, 1000]" />
      <item value="Italic" />
      <item value="remember Ripple" />
      <item value="Tab Transition" />
      <item value="CompositionLocal containing the preferred content alpha for a given position in the hierarchy. This alpha is used for text and iconography ([Text] and [Icon]) to emphasize de-emphasize different parts of a component. See the Material guide on [Text Legibility](https:material.iodesigncolortext-legibility.html) for more information on alpha levels used by text and iconography." />
      <item value="CompositionLocal containing the preferred content color for a given position in the hierarchy. This typically represents the `on` color for a color in [Colors]. For example, if the background color is [Colors.surface], this color is typically set to [Colors.onSurface]." />
      <item value="@param role the type of user interface element. Accessibility services might use this to describe the element or do customizations" />
      <item value="elevation Overlay" />
      <item value="Local Elevation Overlay" />
      <item value="@param elevation The size of the shadow below the surface. Note that It will not affect z index of the Surface. If you want to change the drawing order you can use `Modifier.zIndex`." />
      <item value="CompositionLocal containing the current absolute elevation provided by [Surface] components. This absolute elevation is a sum of all the previous elevations. Absolute elevation is only used for calculating elevation overlays in dark theme, and is not used for drawing the shadow in a [Surface]. See [ElevationOverlay] for more information on elevation overlays." />
      <item value="@property surface The surface color is used on surfaces of components, such as cards, sheets and menus." />
      <item value="@property secondaryVariant The secondary variant color is used to distinguish two elements of the app using the secondary color." />
      <item value="inspectable" />
      <item value="@param interactionSource the [MutableInteractionSource] representing the stream of [Interaction]s for this Tab. You can create and pass in your own remembered [MutableInteractionSource] if you want to observe [Interaction]s and customize the appearance behavior of this Tab in different [Interaction]s." />
      <item value="interaction Source" />
      <item value="response" />
    </histories>
    <option name="languageScores">
      <map>
        <entry key="CHINESE" value="1350" />
        <entry key="ENGLISH" value="1351" />
        <entry key="IRISH" value="1" />
        <entry key="BASQUE" value="1" />
        <entry key="AFRIKAANS" value="1" />
        <entry key="DANISH" value="1" />
        <entry key="GERMAN" value="3" />
        <entry key="FRENCH" value="5" />
        <entry key="FINNISH" value="2" />
        <entry key="DUTCH" value="3" />
        <entry key="CZECH" value="1" />
        <entry key="LATIN" value="1" />
        <entry key="ROMANIAN" value="4" />
        <entry key="MALAY" value="1" />
        <entry key="NORWEGIAN" value="1" />
        <entry key="PORTUGUESE" value="3" />
        <entry key="SLOVAK" value="1" />
        <entry key="SLOVENIAN" value="1" />
        <entry key="ITALIAN" value="1" />
        <entry key="INDONESIAN" value="2" />
        <entry key="VIETNAMESE" value="1" />
      </map>
    </option>
  </component>
  <component name="Cache">
    <option name="lastTrimTime" value="1658114850253" />
  </component>
</application>