<keymap version="1" name="well" parent="Eclipse">
  <action id="$EditorTranslateAction">
    <keyboard-shortcut first-keystroke="f1" />
  </action>
  <action id="$LRU">
    <keyboard-shortcut first-keystroke="alt t" />
  </action>
  <action id="$ShowTranslationDialogAction">
    <keyboard-shortcut first-keystroke="shift ctrl back_quote" />
  </action>
  <action id="ActivateBuildToolWindow">
    <keyboard-shortcut first-keystroke="alt 5" />
    <keyboard-shortcut first-keystroke="alt z" />
  </action>
  <action id="ActivateDebugToolWindow">
    <keyboard-shortcut first-keystroke="alt d" />
  </action>
  <action id="ActivateFavoritesToolWindow">
    <keyboard-shortcut first-keystroke="alt 4" />
    <keyboard-shortcut first-keystroke="alt r" />
  </action>
  <action id="ActivateFindToolWindow" />
  <action id="ActivateGradleToolWindow">
    <keyboard-shortcut first-keystroke="alt f" />
  </action>
  <action id="ActivateLogcatToolWindow">
    <keyboard-shortcut first-keystroke="alt c" />
  </action>
  <action id="ActivateProblemsViewToolWindow" />
  <action id="ActivateProjectToolWindow">
    <keyboard-shortcut first-keystroke="alt q" />
  </action>
  <action id="ActivateRunToolWindow">
    <keyboard-shortcut first-keystroke="alt 6" />
  </action>
  <action id="ActivateStructureToolWindow">
    <keyboard-shortcut first-keystroke="alt w" />
  </action>
  <action id="ActivateTODOToolWindow" />
  <action id="ActivateTerminalToolWindow">
    <keyboard-shortcut first-keystroke="alt 7" />
  </action>
  <action id="ActivateVersionControlToolWindow">
    <keyboard-shortcut first-keystroke="alt 3" />
    <keyboard-shortcut first-keystroke="alt x" />
  </action>
  <action id="Android.SyncProject">
    <keyboard-shortcut first-keystroke="shift alt 5" />
  </action>
  <action id="Arrangement.Rule.Edit" />
  <action id="AutoFindView" />
  <action id="AutoFindView_xml" />
  <action id="Back">
    <keyboard-shortcut first-keystroke="alt left" />
    <mouse-shortcut keystroke="button4" />
    <keyboard-shortcut first-keystroke="f8" />
  </action>
  <action id="CIDR.Lang.IntroduceDefine" />
  <action id="CIDR.Lang.SwitchHeaderSource" />
  <action id="ChangesView.ToggleCommitUi" />
  <action id="CheckinProject">
    <keyboard-shortcut first-keystroke="alt v" />
  </action>
  <action id="CloseActiveTab" />
  <action id="CloseAllEditors">
    <keyboard-shortcut first-keystroke="shift ctrl f4" />
  </action>
  <action id="CloseAllEditorsButActive">
    <keyboard-shortcut first-keystroke="ctrl f2" />
  </action>
  <action id="CodeCompletion">
    <keyboard-shortcut first-keystroke="alt slash" />
  </action>
  <action id="CollapseDocComments">
    <keyboard-shortcut first-keystroke="ctrl divide" />
  </action>
  <action id="CommentByLineComment">
    <keyboard-shortcut first-keystroke="ctrl slash" />
  </action>
  <action id="CompileDirty">
    <keyboard-shortcut first-keystroke="shift alt b" />
  </action>
  <action id="Console.History.Browse" />
  <action id="ContextHelp" />
  <action id="CopyAbsolutePath">
    <keyboard-shortcut first-keystroke="shift ctrl alt c" />
  </action>
  <action id="CopyFileName">
    <keyboard-shortcut first-keystroke="shift ctrl c" />
  </action>
  <action id="CopyPaths" />
  <action id="CopyReference">
    <keyboard-shortcut first-keystroke="ctrl alt c" />
  </action>
  <action id="DumpLookupElementWeights" />
  <action id="DuplicatesForm.SendToLeft" />
  <action id="EasyGradle.KillGradle">
    <keyboard-shortcut first-keystroke="f12" />
    <keyboard-shortcut first-keystroke="ctrl f12" />
  </action>
  <action id="EditBreakpoint" />
  <action id="EditSource" />
  <action id="Editor EditorTranslateAction">
    <keyboard-shortcut first-keystroke="f1" />
  </action>
  <action id="Editor LRU">
    <keyboard-shortcut first-keystroke="alt t" />
  </action>
  <action id="Editor ShowTranslationDialogAction">
    <keyboard-shortcut first-keystroke="shift ctrl back_quote" />
  </action>
  <action id="EditorContextInfo" />
  <action id="EditorDecreaseFontSize">
    <mouse-shortcut keystroke="shift control button142" />
  </action>
  <action id="EditorIncreaseFontSize">
    <mouse-shortcut keystroke="shift control button143" />
  </action>
  <action id="EditorPasteSimple" />
  <action id="EditorResetFontSize">
    <mouse-shortcut keystroke="shift control button2 doubleClick" />
  </action>
  <action id="ExpandAllRegions">
    <keyboard-shortcut first-keystroke="shift ctrl multiply" />
  </action>
  <action id="ExpandDocComments">
    <keyboard-shortcut first-keystroke="ctrl multiply" />
  </action>
  <action id="ExpandRegion">
    <keyboard-shortcut first-keystroke="ctrl add" />
  </action>
  <action id="ExpandRegionRecursively">
    <keyboard-shortcut first-keystroke="ctrl alt add" />
  </action>
  <action id="ExportSettings">
    <keyboard-shortcut first-keystroke="shift ctrl alt 5" />
  </action>
  <action id="ExternalJavaDoc">
    <keyboard-shortcut first-keystroke="shift f3" />
  </action>
  <action id="ExternalSystem_14a21cc8A_testProject14a21cc8build">
    <keyboard-shortcut first-keystroke="f9" />
  </action>
  <action id="ExternalSystem_14a21cc8A_testProject14a21cc8clean">
    <keyboard-shortcut first-keystroke="f11" />
  </action>
  <action id="ExternalSystem_14a21cc8A_testProject14a21cc8publishToMavenLocal">
    <keyboard-shortcut first-keystroke="f7" />
  </action>
  <action id="ExternalSystem_14a21cc8Test3ff757d12publishKotlinMultiplatformPublicationToMavenLocal">
    <keyboard-shortcut first-keystroke="f10" />
  </action>
  <action id="ExtractInterface">
    <keyboard-shortcut first-keystroke="shift alt i" />
  </action>
  <action id="FileChooser.GotoHome" />
  <action id="FileChooser.GotoModule" />
  <action id="FileChooser.GotoProject" />
  <action id="FileChooser.NewFolder">
    <keyboard-shortcut first-keystroke="alt insert" />
  </action>
  <action id="FindInPath">
    <keyboard-shortcut first-keystroke="ctrl h" />
    <keyboard-shortcut first-keystroke="shift ctrl alt f" />
  </action>
  <action id="FindWordAtCaret" />
  <action id="ForceRunToCursor" />
  <action id="GenerateGetter">
    <keyboard-shortcut first-keystroke="ctrl alt g" />
  </action>
  <action id="GenerateSetter">
    <keyboard-shortcut first-keystroke="ctrl alt s" />
  </action>
  <action id="Git.Commit.And.Push.Executor" />
  <action id="Git.ContextMenu">
    <keyboard-shortcut first-keystroke="shift alt 1" />
  </action>
  <action id="Git.Menu">
    <keyboard-shortcut first-keystroke="shift alt 3" />
  </action>
  <action id="GoToTab1">
    <keyboard-shortcut first-keystroke="ctrl f1" />
  </action>
  <action id="GotoAction" />
  <action id="GotoBookmark0" />
  <action id="GotoBookmark1">
    <keyboard-shortcut first-keystroke="ctrl 1" />
  </action>
  <action id="GotoDeclaration">
    <mouse-shortcut keystroke="control button1" />
    <keyboard-shortcut first-keystroke="f2" />
  </action>
  <action id="GotoImplementation">
    <keyboard-shortcut first-keystroke="f3" />
  </action>
  <action id="GotoLine" />
  <action id="GotoNextError">
    <keyboard-shortcut first-keystroke="shift f1" />
  </action>
  <action id="GotoPreviousError">
    <keyboard-shortcut first-keystroke="shift f2" />
  </action>
  <action id="GotoRelated">
    <mouse-shortcut keystroke="control button3" />
  </action>
  <action id="GotoSuperMethod">
    <keyboard-shortcut first-keystroke="shift ctrl s" />
    <keyboard-shortcut first-keystroke="f4" />
  </action>
  <action id="Help.KeymapReference">
    <keyboard-shortcut first-keystroke="shift ctrl alt f2" />
  </action>
  <action id="HighlightUsagesInFile">
    <keyboard-shortcut first-keystroke="shift ctrl f7" />
  </action>
  <action id="HippieCompletion" />
  <action id="Images.EditExternally" />
  <action id="Images.Editor.ActualSize">
    <keyboard-shortcut first-keystroke="ctrl slash" />
  </action>
  <action id="ImportProject">
    <keyboard-shortcut first-keystroke="shift ctrl alt 2" />
  </action>
  <action id="Inline" />
  <action id="IntroduceConstant">
    <keyboard-shortcut first-keystroke="shift ctrl alt r" />
  </action>
  <action id="IntroduceFunctionalParameter" />
  <action id="IntroduceVariable">
    <keyboard-shortcut first-keystroke="ctrl alt v" />
  </action>
  <action id="InvalidateCaches">
    <keyboard-shortcut first-keystroke="alt f5" />
  </action>
  <action id="JumpToLastChange">
    <keyboard-shortcut first-keystroke="ctrl l" />
  </action>
  <action id="JumpToNextChange">
    <keyboard-shortcut first-keystroke="ctrl n" />
  </action>
  <action id="Kotlin.NewFile">
    <keyboard-shortcut first-keystroke="ctrl q" />
  </action>
  <action id="Kotlin.RunScratch" />
  <action id="KotlinGenerateDataMethod">
    <keyboard-shortcut first-keystroke="shift ctrl alt f9" />
  </action>
  <action id="KotlinGenerateToString">
    <keyboard-shortcut first-keystroke="shift ctrl alt t" />
  </action>
  <action id="Mvc.RunTarget" />
  <action id="NewClass">
    <keyboard-shortcut first-keystroke="ctrl e" />
  </action>
  <action id="NewDir">
    <keyboard-shortcut first-keystroke="ctrl w" />
  </action>
  <action id="NewFile">
    <keyboard-shortcut first-keystroke="ctrl t" />
  </action>
  <action id="NewModuleInGroup">
    <keyboard-shortcut first-keystroke="shift alt back_quote" />
  </action>
  <action id="NewProject">
    <keyboard-shortcut first-keystroke="shift ctrl alt 1" />
  </action>
  <action id="NextOccurence">
    <keyboard-shortcut first-keystroke="f7" />
  </action>
  <action id="NextTab">
    <keyboard-shortcut first-keystroke="ctrl page_down" />
  </action>
  <action id="OpenFile">
    <keyboard-shortcut first-keystroke="alt h" />
  </action>
  <action id="OverrideMethods">
    <keyboard-shortcut first-keystroke="shift alt o" />
  </action>
  <action id="ParameterInfo">
    <keyboard-shortcut first-keystroke="alt back_slash" />
  </action>
  <action id="PerforceDirect.Edit" />
  <action id="PreviousTab">
    <keyboard-shortcut first-keystroke="ctrl page_up" />
  </action>
  <action id="QuickChangeScheme" />
  <action id="QuickEvaluateExpression">
    <mouse-shortcut keystroke="alt button1" />
  </action>
  <action id="QuickJavaDoc">
    <keyboard-shortcut first-keystroke="f5" />
  </action>
  <action id="RecentFiles">
    <keyboard-shortcut first-keystroke="ctrl r" />
  </action>
  <action id="ReformatCode">
    <keyboard-shortcut first-keystroke="ctrl alt l" />
  </action>
  <action id="ReplaceInPath">
    <keyboard-shortcut first-keystroke="shift ctrl alt p" />
  </action>
  <action id="RerunTests" />
  <action id="Resume" />
  <action id="RevealIn">
    <keyboard-shortcut first-keystroke="shift ctrl alt s" />
  </action>
  <action id="Run">
    <keyboard-shortcut first-keystroke="shift alt x" />
  </action>
  <action id="RunInspection" />
  <action id="ScopeView.EditScopes">
    <keyboard-shortcut first-keystroke="shift ctrl alt e" />
  </action>
  <action id="SelectAllOccurrences" />
  <action id="SelectIn">
    <keyboard-shortcut first-keystroke="alt f2" />
  </action>
  <action id="SelectInProjectView">
    <keyboard-shortcut first-keystroke="alt f1" />
  </action>
  <action id="ServiceView.GroupByContributor" />
  <action id="ShowErrorDescription">
    <keyboard-shortcut first-keystroke="ctrl alt slash" />
  </action>
  <action id="ShowFilterPopup" />
  <action id="ShowIntentionActions">
    <keyboard-shortcut first-keystroke="alt enter" />
  </action>
  <action id="ShowPopupMenu">
    <keyboard-shortcut first-keystroke="ctrl f10" />
    <keyboard-shortcut first-keystroke="shift alt t" />
  </action>
  <action id="ShowProjectStructureSettings">
    <keyboard-shortcut first-keystroke="ctrl alt e" />
  </action>
  <action id="ShowSettings">
    <keyboard-shortcut first-keystroke="ctrl alt q" />
    <keyboard-shortcut first-keystroke="alt 1" />
  </action>
  <action id="ShowUsages" />
  <action id="SplitVertically">
    <keyboard-shortcut first-keystroke="shift ctrl alt v" />
  </action>
  <action id="StepInto" />
  <action id="StepOut">
    <keyboard-shortcut first-keystroke="shift f8" />
  </action>
  <action id="StepOver" />
  <action id="Stop">
    <keyboard-shortcut first-keystroke="shift alt s" />
  </action>
  <action id="SurroundWith">
    <keyboard-shortcut first-keystroke="shift alt z" />
  </action>
  <action id="SwitchCoverage" />
  <action id="ToggleBookmark" />
  <action id="ToggleBookmark0" />
  <action id="ToggleBookmarkWithMnemonic" />
  <action id="ToggleFindInSelection" />
  <action id="ToggleLineBreakpoint" />
  <action id="ToggleRenderedDocPresentation" />
  <action id="TranslatePlugin.TranslateAction">
    <keyboard-shortcut first-keystroke="f2" />
  </action>
  <action id="TypeHierarchy">
    <keyboard-shortcut first-keystroke="f6" />
  </action>
  <action id="TypeHierarchy.Subtypes">
    <keyboard-shortcut first-keystroke="ctrl alt f2" />
  </action>
  <action id="TypeHierarchy.Supertypes">
    <keyboard-shortcut first-keystroke="ctrl alt f3" />
  </action>
  <action id="TypeHierarchyBase.BaseOnThisType" />
  <action id="Unwrap" />
  <action id="UpdateRunningApplication" />
  <action id="UsageGrouping.DirectoryStructure" />
  <action id="UsageGrouping.UsageType" />
  <action id="Vcs.Push" />
  <action id="VcsGroups">
    <keyboard-shortcut first-keystroke="alt b" />
  </action>
  <action id="WelcomeScreen.Plugins">
    <keyboard-shortcut first-keystroke="ctrl alt w" />
    <keyboard-shortcut first-keystroke="alt 2" />
  </action>
  <action id="XDebugger.AttachToProcess" />
  <action id="XDebugger.SetValue" />
  <action id="android.deploy.ApplyChanges">
    <keyboard-shortcut first-keystroke="ctrl f10" />
  </action>
  <action id="android.deploy.CodeSwap">
    <keyboard-shortcut first-keystroke="ctrl alt f10" />
  </action>
  <action id="com.github.setial.intellijjavadocs.action.JavaDocGenerateActionOnEditor" />
  <action id="context.save" />
  <action id="generateToString">
    <keyboard-shortcut first-keystroke="shift ctrl alt s" />
  </action>
  <action id="hg4idea.QGotoFromPatches" />
  <action id="tasks.open.in.browser" />
</keymap>