<application>
  <component name="GetterTemplates">
    <option name="defaultTempalteName" value="IntelliJ Default" />
    <option name="templates">
      <list>
        <TemplateResource>
          <option name="fileName" value="onlyFieldName" />
          <option name="template" value="#if($field.modifierStatic)&#10;static ##&#10;#end&#10;$field.type ##&#10;#set($name = $helper.getPropertyName($field, $project))&#10;${name}() {&#10;  return $field.name;&#10;}" />
        </TemplateResource>
      </list>
    </option>
  </component>
</application>