<application>
  <component name="AppStorage">
    <option name="pinNewTranslationDialog" value="true" />
    <histories>
      <item value="The parameters used for computing this text layout result." />
      <item value="The amount of space required to paint this text in Int." />
      <item value="Trailing Id" />
      <item value="to Ime Options" />
      <item value="ime Action" />
      <item value="auto Correct" />
      <item value="capitalization" />
      <item value="inner Text Field" />
      <item value="annotated String" />
      <item value="letter Spacing" />
      <item value="Italic" />
      <item value="@param fontSize The size of glyphs to use when painting the text. See [TextStyle.fontSize]." />
      <item value="A special [TextUnit] instance for representing inheriting from parent value. Notice that performing arithmetic operations on [Unspecified] may result in an [IllegalArgumentException]." />
      <item value="The thickness of the glyphs, in a range of [1, 1000]." />
      <item value="Extra Light" />
      <item value="Text" />
      <item value="text Direction" />
      <item value="to Paragraph Style" />
      <item value="True if this is a SP unit type." />
      <item value="Text Unit" />
      <item value="SP" />
      <item value="EM" />
      <item value="@param fontSize The size of glyphs to use when painting the text. This" />
      <item value="UNIT TYPE UNSPECIFIED" />
      <item value="snackbar Host" />
      <item value="Scaffold" />
      <item value="equivalent" />
      <item value="Snapshot Mutation Policy" />
      <item value="structural Equality Policy" />
      <item value="CompositionLocal used to pass [Colors] down the tree. Setting the value here is typically done as part of [MaterialTheme], which will automatically handle efficiently updating any changed colors without causing unnecessary recompositions, using [Colors.updateColorsFrom]. To retrieve the current value of this CompositionLocal, use [MaterialTheme.colors]." />
      <item value="Contains functions to access the current theme values provided at the call site's position in the hierarchy." />
      <item value="static Composition Local Of" />
      <item value="layout Placeable" />
      <item value="Place a [Placeable] at [x], [y] in its parent's coordinate system. Unlike [placeRelative], the given position will not implicitly react in RTL layout direction contexts." />
      <item value="Place a [Placeable] at [x], [y] in its parent's coordinate system. If the layout direction is right-to-left, the given position will be horizontally mirrored so that the position of the [Placeable] implicitly reacts to RTL layout direction contexts. If this method is used outside the [MeasureScope.layout] positioning block, the automatic position mirroring will not happen and the [Placeable] will be placed at the given position, similar to the [place] method." />
      <item value="Hairline" />
      <item value="Default Lenient Configuration Artifact Resolve Exception" />
      <item value="kotlin Gradle Plugin" />
      <item value="evaluation" />
      <item value="Rounded Corner Shape" />
      <item value="Outline" />
      <item value="draw Rect Border" />
      <item value="draw Round Rect Border" />
      <item value="draw Generic Border" />
      <item value="rtl Aware" />
      <item value="Brush" />
      <item value="Decal" />
      <item value="Render the shader's image pixels only within its original bounds. If the shader draws outside of its original bounds, transparent black is drawn instead." />
      <item value="Clamp" />
      <item value="Edge is clamped to the final color. The gradient will paint the all the regions outside the inner area with the color of the point closest to that region." />
    </histories>
    <option name="languageScores">
      <map>
        <entry key="CHINESE" value="721" />
        <entry key="ENGLISH" value="722" />
        <entry key="IRISH" value="1" />
        <entry key="BASQUE" value="1" />
        <entry key="AFRIKAANS" value="1" />
        <entry key="DANISH" value="1" />
        <entry key="GERMAN" value="3" />
        <entry key="FINNISH" value="1" />
        <entry key="DUTCH" value="3" />
        <entry key="CZECH" value="1" />
        <entry key="ROMANIAN" value="4" />
        <entry key="MALAY" value="1" />
        <entry key="NORWEGIAN" value="1" />
        <entry key="PORTUGUESE" value="1" />
        <entry key="SLOVENIAN" value="1" />
        <entry key="ITALIAN" value="1" />
        <entry key="INDONESIAN" value="2" />
        <entry key="VIETNAMESE" value="1" />
      </map>
    </option>
  </component>
  <component name="Cache">
    <option name="lastTrimTime" value="1655434964822" />
  </component>
</application>