<application>
  <component name="AppStorage">
    <option name="pinNewTranslationDialog" value="true" />
    <histories>
      <item value="Animation Vector 4 D" />
      <item value="Cubic Bezier Easing" />
      <item value="fraction" />
      <item value="lerp" />
      <item value="segment" />
      <item value="Note: This function is intended for tooling use only." />
      <item value="intend" />
      <item value="intended" />
      <item value="Restrict To" />
      <item value="This allows tools to set the transition (between initial and target state) to a specific [playTimeNanos]." />
      <item value="__Caveat" />
      <item value="animate Float" />
      <item value="crossinline" />
      <item value="Disposable Effect" />
      <item value="Clean up on the way out, to ensure the observers are not stuck in an in-between state." />
      <item value="This sets up a [Transition], and updates it with the target provided by [targetState]. When [targetState] changes, [Transition] will run all of its child animations towards their target values specified for the new [targetState]. Child animations can be dynamically added using [Transition.animateFloat], [animateColor][ androidx.compose.animation.animateColor], [Transition.animateValue], etc." />
      <item value="Fire-and-forget animation function for [Float]. This Composable function is overloaded for different parameter types such as [Dp], [Color][androidx.compose.ui.graphics.Color], [Offset], etc. When the provided [targetValue] is changed, the animation will run automatically. If there is already an animation in-flight when [targetValue] changes, the on-going animation will adjust course to animate towards the new target value." />
      <item value="Medium" />
      <item value="stiffness" />
      <item value="damping Ratio" />
      <item value="on Globally Positioned" />
      <item value="Converts a local position within this layout into an offset from the root composable." />
      <item value="Converts [relativeToWindow] relative to the window's origin into an [Offset] relative to this layout." />
      <item value="Returns false if the corresponding layout was detached from the hierarchy." />
      <item value="corresponding" />
      <item value="parent Coordinates" />
      <item value="parent Layout Coordinates" />
      <item value="The alignment lines provided for this layout, not including inherited lines." />
      <item value="The size of this layout in the local coordinates space." />
      <item value="Invoke [onGloballyPositioned] with the [LayoutCoordinates] of the element when the global position of the content may have changed. Note that it will be called after a composition when the coordinates are finalized." />
      <item value="A side effect of composition that must run for any new unique value of [key1] and must be reversed or cleaned up if [key1] changes or if the [DisposableEffect] leaves the composition." />
      <item value="on Dispose" />
      <item value="Disposable Effect Scope" />
      <item value="Permits property delegation of `val`s using `by` for [State]." />
      <item value="of" />
      <item value="This should only be called if PlayTime comes from clock directly, instead of from a parent Transition." />
      <item value="set Playtime After Initial And Target State Established" />
      <item value="Suspends until a new frame is requested, immediately invokes [onFrame] with the frame time in nanoseconds in the calling context of frame dispatch, then resumes with the result from [onFrame]." />
      <item value="with Frame Nanos" />
      <item value="is Seeking" />
      <item value="@param delayMillis the number of milliseconds to wait before the animation runs. 0 by default." />
      <item value="Vectorized Snap Spec" />
      <item value="Creates a Snap animation for immediately switching the animating value to the end value." />
      <item value="snap" />
      <item value="animate Dp" />
      <item value="A value holder where reads to the [value] property during the execution of a [Composable] function, the current [RecomposeScope] will be subscribed to changes of that value." />
      <item value="Collapsed" />
      <item value="zanimate Color" />
      <item value="@param visibilityThreshold An optional threshold to define when the animation value can be considered close enough to the targetValue to end the animation." />
      <item value="define" />
    </histories>
    <option name="languageScores">
      <map>
        <entry key="CHINESE" value="366" />
        <entry key="ENGLISH" value="367" />
        <entry key="IRISH" value="1" />
        <entry key="AFRIKAANS" value="1" />
        <entry key="GERMAN" value="2" />
        <entry key="FINNISH" value="1" />
        <entry key="CZECH" value="1" />
        <entry key="ROMANIAN" value="1" />
        <entry key="MALAY" value="1" />
        <entry key="SLOVENIAN" value="1" />
        <entry key="INDONESIAN" value="1" />
      </map>
    </option>
  </component>
  <component name="Cache">
    <option name="lastTrimTime" value="1647093008409" />
  </component>
</application>