<application>
  <component name="UpdatesConfigurable">
    <option name="CHECK_NEEDED" value="false" />
    <ignoredBuildNumbers>
      <item value="emulator#29.1.2" />
      <item value="extras;intel;Hardware_Accelerated_Execution_Manager#7.5.1" />
      <item value="platforms;android-27#3" />
    </ignoredBuildNumbers>
    <option name="LAST_BUILD_CHECKED" value="IC-222.4167.29" />
    <option name="LAST_TIME_CHECKED" value="1670936791642" />
    <pluginHosts>
      <item value="https://plugins.jetbrains.com/plugins/eap/org.jetbrains.kotlin" />
    </pluginHosts>
    <option name="THIRD_PARTY_PLUGINS_ALLOWED" value="true" />
    <option name="WHATS_NEW_SHOWN_FOR" value="222" />
  </component>
</application>