<application>
  <component name="AppStorage">
    <option name="newTranslationDialogWidth" value="598" />
    <option name="newTranslationDialogX" value="508" />
    <option name="newTranslationDialogY" value="315" />
    <option name="pinTranslationDialog" value="true" />
    <histories>
      <item value="interaction" />
      <item value="indication" />
      <item value="Rounded Corner Shape" />
      <item value="minimum Touch Target Size" />
      <item value="Density" />
      <item value="zthis" />
      <item value="Int" />
      <item value="Represents that the user is done providing input to a group of inputs. Some kind of finalization behavior should now take place i.e. the field was the last element in a group and the data input is finalized." />
      <item value="regard" />
      <item value="Mkl Color" />
      <item value="Tab Fade Out Animation Duration" />
      <item value="Color Scheme" />
      <item value="upright" />
      <item value="Decay Animation Spec" />
      <item value="accumulator" />
      <item value="@param contentPadding a padding around the whole content. This will add padding for the content after it has been clipped, which is not possible via [modifier] param. You can use it to add a padding before the first item or after the last one. If you want to add a spacing between each item use [horizontalArrangement]." />
      <item value="Defines an offset line that can be used by parent layouts to align and position their children. Text baselines are representative examples of [AlignmentLine]s. For example, they can be used by `Row`, to align its children by baseline, or by `paddingFrom` to achieve a layout with a specific distance from the top to the baseline of the text content. [AlignmentLine]s can be understood as an abstraction over text baselines." />
      <item value="Builder Inference" />
      <item value="update Transition" />
      <item value="is Alter" />
      <item value="null Do And True" />
      <item value="channel" />
      <item value="Channel Conflated" />
      <item value="The start offset of the layout's viewport in pixels. You can think of it as a minimum offset which would be visible. Usually it is 0, but it can be negative if non-zero [beforeContentPadding] was applied as the content displayed in the content padding area is still visible. You can use it to understand what items from [visibleItemsInfo] are fully visible." />
      <item value="Color Scheme Text Grid" />
      <item value="Fab" />
      <item value="Local Accessibility Manager" />
      <item value="Snackbar" />
      <item value="body Large" />
      <item value="unit" />
      <item value="Maximize the amount of free space by expanding to fill the available space, subject to the incoming layout constraints." />
      <item value="tertiary" />
      <item value="tonal" />
      <item value="inverse" />
      <item value="Structural Equality Policy" />
      <item value="composite Over" />
      <item value="Max Modifier" />
      <item value="preferred" />
      <item value="content" />
      <item value="typically" />
      <item value="size To Intrinsics" />
      <item value="configures" />
      <item value="auto Mirror" />
      <item value="structural Equality Policy" />
      <item value="Icon" />
      <item value="Settings" />
      <item value="Utility delegate to construct a Material icon with default size information. This is used by generated icons, and should not be used manually. @param name the full name of the generated icon @param block builder lambda to add paths to this vector asset" />
      <item value="Snapshot State List" />
      <item value="remember Mutable State" />
      <item value="Lazy Column X 2" />
    </histories>
    <option name="languageScores">
      <map>
        <entry key="CHINESE" value="2078" />
        <entry key="ENGLISH" value="2079" />
        <entry key="IRISH" value="2" />
        <entry key="ESTONIAN" value="1" />
        <entry key="BASQUE" value="1" />
        <entry key="ICELANDIC" value="1" />
        <entry key="POLISH" value="3" />
        <entry key="AFRIKAANS" value="1" />
        <entry key="DANISH" value="2" />
        <entry key="GERMAN" value="3" />
        <entry key="RUSSIAN" value="1" />
        <entry key="FRENCH" value="6" />
        <entry key="FINNISH" value="2" />
        <entry key="DUTCH" value="6" />
        <entry key="CZECH" value="4" />
        <entry key="LATIN" value="3" />
        <entry key="LITHUANIAN" value="2" />
        <entry key="ROMANIAN" value="6" />
        <entry key="MALTESE" value="2" />
        <entry key="MALAY" value="1" />
        <entry key="NORWEGIAN" value="1" />
        <entry key="PORTUGUESE" value="3" />
        <entry key="JAPANESE" value="3" />
        <entry key="SESOTHO" value="1" />
        <entry key="ESPERANTO" value="1" />
        <entry key="SLOVAK" value="2" />
        <entry key="SLOVENIAN" value="1" />
        <entry key="SOMALI" value="1" />
        <entry key="WELSH" value="1" />
        <entry key="UZBEK" value="2" />
        <entry key="ITALIAN" value="1" />
        <entry key="HINDI" value="1" />
        <entry key="INDONESIAN" value="4" />
        <entry key="VIETNAMESE" value="2" />
      </map>
    </option>
  </component>
  <component name="Cache">
    <option name="lastTrimTime" value="1663927377980" />
  </component>
</application>