<application>
  <component name="ProjectManager">
    <defaultProject>
      <component name="CompilerConfiguration">
        <bytecodeTargetLevel target="1.9" />
      </component>
      <component name="JUnitGeneratorProjectSettings">
        <option name="vmTemplates">
          <map>
            <entry key="JUnit 3" value="######################################################################################## &#10;## &#10;## Available variables: &#10;##         $entryList.methodList - List of method composites &#10;##         $entryList.privateMethodList - List of private method composites &#10;##         $entryList.fieldList - ArrayList of class scope field names &#10;##         $entryList.className - class name &#10;##         $entryList.packageName - package name &#10;##         $today - Todays date in MM/dd/yyyy format &#10;## &#10;##            MethodComposite variables: &#10;##                $method.name - Method Name &#10;##                $method.signature - Full method signature in String form &#10;##                $method.reflectionCode - list of strings representing commented out reflection code to access method (Private Methods) &#10;##                $method.paramNames - List of Strings representing the method's parameters' names &#10;##                $method.paramClasses - List of Strings representing the method's parameters' classes &#10;## &#10;## You can configure the output class name using &quot;testClass&quot; variable below. &#10;## Here are some examples: &#10;## Test${entry.ClassName} - will produce TestSomeClass &#10;## ${entry.className}Test - will produce SomeClassTest &#10;## &#10;######################################################################################## &#10;## &#10;#macro (cap $strIn)$strIn.valueOf($strIn.charAt(0)).toUpperCase()$strIn.substring(1)#end &#10;## Iterate through the list and generate testcase for every entry. &#10;#foreach ($entry in $entryList) &#10;#set( $testClass=&quot;${entry.className}Test&quot;) &#10;## &#10;package test.$entry.packageName; &#10;&#10;import junit.framework.Test; &#10;import junit.framework.TestSuite; &#10;import junit.framework.TestCase; &#10;&#10;/** &#10;* ${entry.className} Tester. &#10;* &#10;* @author &lt;Authors name&gt; &#10;* @since &lt;pre&gt;$today&lt;/pre&gt; &#10;* @version 1.0 &#10;*/ &#10;public class $testClass extends TestCase { &#10;public $testClass(String name) { &#10;super(name); &#10;} &#10;&#10;public void setUp() throws Exception { &#10;super.setUp(); &#10;} &#10;&#10;public void tearDown() throws Exception { &#10;super.tearDown(); &#10;} &#10;&#10;#foreach($method in $entry.methodList) &#10;/** &#10;* &#10;* Method: $method.signature &#10;* &#10;*/ &#10;public void test#cap(${method.name})() throws Exception { &#10;//TODO: Test goes here... &#10;} &#10;&#10;#end &#10;&#10;#foreach($method in $entry.privateMethodList) &#10;/** &#10;* &#10;* Method: $method.signature &#10;* &#10;*/ &#10;public void test#cap(${method.name})() throws Exception { &#10;//TODO: Test goes here... &#10;#foreach($string in $method.reflectionCode) &#10;$string &#10;#end &#10;} &#10;&#10;#end &#10;&#10;public static Test suite() { &#10;return new TestSuite(${testClass}.class); &#10;} &#10;} &#10;#end" />
            <entry key="JUnit 4" value="######################################################################################## &#10;## &#10;## Available variables: &#10;##         $entryList.methodList - List of method composites &#10;##         $entryList.privateMethodList - List of private method composites &#10;##         $entryList.fieldList - ArrayList of class scope field names &#10;##         $entryList.className - class name &#10;##         $entryList.packageName - package name &#10;##         $today - Todays date in MM/dd/yyyy format &#10;## &#10;##            MethodComposite variables: &#10;##                $method.name - Method Name &#10;##                $method.signature - Full method signature in String form &#10;##                $method.reflectionCode - list of strings representing commented out reflection code to access method (Private Methods) &#10;##                $method.paramNames - List of Strings representing the method's parameters' names &#10;##                $method.paramClasses - List of Strings representing the method's parameters' classes &#10;## &#10;## You can configure the output class name using &quot;testClass&quot; variable below. &#10;## Here are some examples: &#10;## Test${entry.ClassName} - will produce TestSomeClass &#10;## ${entry.className}Test - will produce SomeClassTest &#10;## &#10;######################################################################################## &#10;## &#10;#macro (cap $strIn)$strIn.valueOf($strIn.charAt(0)).toUpperCase()$strIn.substring(1)#end &#10;## Iterate through the list and generate testcase for every entry. &#10;#foreach ($entry in $entryList) &#10;#set( $testClass=&quot;${entry.className}Test&quot;) &#10;## &#10;package $entry.packageName; &#10;&#10;import org.junit.Test; &#10;import org.junit.Before; &#10;import org.junit.After; &#10;&#10;/** &#10;* ${entry.className} Tester. &#10;* &#10;* @author &lt;Authors name&gt; &#10;* @since &lt;pre&gt;$date&lt;/pre&gt; &#10;* @version 1.0 &#10;*/ &#10;public class $testClass { &#10;&#10;@Before&#10;public void before() throws Exception { &#10;} &#10;&#10;@After&#10;public void after() throws Exception { &#10;} &#10;&#10;#foreach($method in $entry.methodList) &#10;/** &#10;* &#10;* Method: $method.signature &#10;* &#10;*/ &#10;@Test&#10;public void test#cap(${method.name})() throws Exception { &#10;//TODO: Test goes here... &#10;} &#10;&#10;#end &#10;&#10;#foreach($method in $entry.privateMethodList) &#10;/** &#10;* &#10;* Method: $method.signature &#10;* &#10;*/ &#10;@Test&#10;public void test#cap(${method.name})() throws Exception { &#10;//TODO: Test goes here... &#10;#foreach($string in $method.reflectionCode) &#10;$string &#10;#end &#10;} &#10;&#10;#end &#10;} &#10;#end" />
          </map>
        </option>
      </component>
      <component name="ProjectRootManager" version="2" languageLevel="JDK_1_3" />
      <component name="ProjectViewState">
        <option name="autoscrollToSource" value="true" />
        <option name="hideEmptyMiddlePackages" value="true" />
        <option name="showLibraryContents" value="true" />
      </component>
      <component name="PropertiesComponent">
        <property name="android.project.structure.last.selected" value="SDK Location" />
        <property name="android.project.structure.proportion" value="0.15" />
        <property name="android.sdk.path" value="$USER_HOME$/AppData/Local/Android/Sdk" />
        <property name="last.edited.regexp" value="" />
        <property name="project.structure.last.edited" value="SDK Location" />
        <property name="project.structure.proportion" value="0.17" />
        <property name="project.structure.side.proportion" value="0.0" />
        <property name="settings.editor.selected.configurable" value="preferences.pluginManager" />
      </component>
      <component name="RunManager">
        <configuration default="true" type="Application" factoryName="Application">
          <extension name="coverage" enabled="false" merge="false" sample_coverage="true" runner="idea" />
          <option name="MAIN_CLASS_NAME" />
          <option name="VM_PARAMETERS" />
          <option name="PROGRAM_PARAMETERS" />
          <option name="WORKING_DIRECTORY" value="$PROJECT_DIR$" />
          <option name="ALTERNATIVE_JRE_PATH_ENABLED" value="false" />
          <option name="ALTERNATIVE_JRE_PATH" />
          <option name="ENABLE_SWING_INSPECTOR" value="false" />
          <option name="ENV_VARIABLES" />
          <option name="PASS_PARENT_ENVS" value="true" />
          <module name="" />
          <envs />
          <method />
        </configuration>
        <configuration default="true" type="JUnit" factoryName="JUnit">
          <extension name="coverage" enabled="false" merge="false" sample_coverage="true" runner="idea" />
          <module name="" />
          <option name="ALTERNATIVE_JRE_PATH_ENABLED" value="false" />
          <option name="ALTERNATIVE_JRE_PATH" />
          <option name="PACKAGE_NAME" />
          <option name="MAIN_CLASS_NAME" />
          <option name="METHOD_NAME" />
          <option name="TEST_OBJECT" value="class" />
          <option name="VM_PARAMETERS" value="-ea" />
          <option name="PARAMETERS" />
          <option name="WORKING_DIRECTORY" value="$MODULE_DIR$" />
          <option name="ENV_VARIABLES" />
          <option name="PASS_PARENT_ENVS" value="true" />
          <option name="TEST_SEARCH_SCOPE">
            <value defaultName="singleModule" />
          </option>
          <envs />
          <patterns />
          <method />
        </configuration>
        <configuration default="true" type="Remote" factoryName="Remote">
          <option name="USE_SOCKET_TRANSPORT" value="true" />
          <option name="SERVER_MODE" value="false" />
          <option name="SHMEM_ADDRESS" value="javadebug" />
          <option name="HOST" value="localhost" />
          <option name="PORT" value="5005" />
          <method />
        </configuration>
        <configuration default="true" type="TestNG" factoryName="TestNG">
          <extension name="coverage" enabled="false" merge="false" sample_coverage="true" runner="idea" />
          <module name="" />
          <option name="ALTERNATIVE_JRE_PATH_ENABLED" value="false" />
          <option name="ALTERNATIVE_JRE_PATH" />
          <option name="SUITE_NAME" />
          <option name="PACKAGE_NAME" />
          <option name="MAIN_CLASS_NAME" />
          <option name="METHOD_NAME" />
          <option name="GROUP_NAME" />
          <option name="TEST_OBJECT" value="CLASS" />
          <option name="VM_PARAMETERS" value="-ea" />
          <option name="PARAMETERS" />
          <option name="WORKING_DIRECTORY" value="$MODULE_DIR$" />
          <option name="OUTPUT_DIRECTORY" />
          <option name="ANNOTATION_TYPE" />
          <option name="ENV_VARIABLES" />
          <option name="PASS_PARENT_ENVS" value="true" />
          <option name="TEST_SEARCH_SCOPE">
            <value defaultName="singleModule" />
          </option>
          <option name="USE_DEFAULT_REPORTERS" value="false" />
          <option name="PROPERTIES_FILE" />
          <envs />
          <properties />
          <listeners />
          <method />
        </configuration>
        <configuration name="&lt;template&gt;" type="Applet" default="true" selected="false">
          <option name="MAIN_CLASS_NAME" />
          <option name="HTML_FILE_NAME" />
          <option name="HTML_USED" value="false" />
          <option name="WIDTH" value="400" />
          <option name="HEIGHT" value="300" />
          <option name="POLICY_FILE" value="$APPLICATION_HOME_DIR$/bin/appletviewer.policy" />
          <option name="VM_PARAMETERS" />
        </configuration>
        <configuration name="&lt;template&gt;" type="#org.jetbrains.idea.devkit.run.PluginConfigurationType" default="true" selected="false">
          <option name="VM_PARAMETERS" value="-Xmx512m -Xms256m -XX:MaxPermSize=250m -ea" />
        </configuration>
      </component>
      <component name="VcsContentAnnotationSettings">
        <option name="myLimit" value="2678400000" />
      </component>
      <component name="masterDetails">
        <states>
          <state key="ProjectJDKs.UI">
            <settings>
              <last-edited>1.8</last-edited>
              <splitter-proportions>
                <option name="proportions">
                  <list>
                    <option value="0.2" />
                  </list>
                </option>
              </splitter-proportions>
            </settings>
          </state>
        </states>
      </component>
    </defaultProject>
  </component>
</application>