<keymap version="1" name="KDE copy" parent="Default for KDE">
  <action id="ActivateBuildToolWindow">
    <keyboard-shortcut first-keystroke="alt z" />
  </action>
  <action id="ActivateFavoritesToolWindow">
    <keyboard-shortcut first-keystroke="alt r" />
  </action>
  <action id="ActivateGradleToolWindow">
    <keyboard-shortcut first-keystroke="alt e" />
  </action>
  <action id="ActivateProjectToolWindow">
    <keyboard-shortcut first-keystroke="alt q" />
  </action>
  <action id="ActivateStructureToolWindow">
    <keyboard-shortcut first-keystroke="alt w" />
  </action>
  <action id="ActivateVersionControlToolWindow">
    <keyboard-shortcut first-keystroke="alt x" />
  </action>
  <action id="EditorContextInfo" />
  <action id="ExportSettings">
    <keyboard-shortcut first-keystroke="shift ctrl alt r" />
  </action>
  <action id="ShowSettings">
    <keyboard-shortcut first-keystroke="alt 1" />
  </action>
  <action id="WelcomeScreen.Plugins">
    <keyboard-shortcut first-keystroke="alt 2" />
  </action>
</keymap>